docname,from,to,pre,keyword,post,pattern
doc_9,197,197,fint Og det er flott med penger til,karbonfangst,Opposisjonen fremmer i tillegg en rekke gode forslag,karbonfangst*
doc_23,274,274,skipsfart og forsterket innsatsen med <c3><a5> utvikle fullskala,karbonfangst,og lagring De siste <c3><a5>rene har ogs<c3><a5> v<c3><a6>rt,karbonfangst*
doc_551,259,259,p<c3><a5> nullutslippsteknologi i veitransporten biodrivstoff klimavennlig skipsfart og,karbonfangst,og lagring I klimapakken v<c3><a5>r legger vi opp,karbonfangst*
doc_551,487,487,for s<c3><a5> vidt st<c3><b8>ttepartiene er n<c3><a5>r det gjelder,karbonfangst,og lagring Vi bruker mer penger enn regjeringen,karbonfangst*
doc_552,379,379,for fremtiden <e2><80><93> n<c3><a5>r vi forsterker satsingen p<c3><a5>,karbonfangst,og lagring p<c3><a5> biodrivstoff og med forpliktelsen til,karbonfangst*
doc_552,1428,1428,bilprodusentene som kappes om <c3><a5> utvikle nye modeller,Karbonfangst,og lagring er et annet omr<c3><a5>de hvor Norges,karbonfangst*
doc_555,736,736,<c3><a5> lykkes med prosjekter som kan bidra til,karbonfangst,og lagring Da skal jeg i et nytt,karbonfangst*
doc_556,338,338,industripolitikken er det det samme Alle investeringsbeslutninger for,karbonfangst,og lagring er skj<c3><b8>vet til etter valget Problemet,karbonfangst*
doc_560,546,546,p<c3><a5> det enkelte prosjekts risiko I tillegg til,karbonfangstprosjektene,m<c3><a5> det jobbes med transport og lagring Vi,karbonfangst*
doc_561,598,598,langt S<c3><a5> vil jeg helt kort bare nevne,karbonfangst,og lagring Karbonfangst og lagring er helt grunnleggende,karbonfangst*
doc_561,601,601,jeg helt kort bare nevne karbonfangst og lagring,Karbonfangst,og lagring er helt grunnleggende n<c3><b8>dvendig om vi,karbonfangst*
doc_575,406,406,de tydelighetene har ikke kommet N<c3><a5>r det gjelder,karbonfangst,har katta kommet ut av sekken i l<c3><b8>pet,karbonfangst*
doc_916,99,99,er opptatt av er <c3><a5> ivareta CCS alts<c3><a5>,karbonfangst,og testsenteret p<c3><a5> Mongstad slik at de kan,karbonfangst*
doc_916,131,131,kan f<c3><a5> ned klimagassutslippene gjennom <c3><a5> jobbe med,karbonfangst,og lagring Der er testsenteret p<c3><a5> Mongstad viktig,karbonfangst*
doc_919,37,37,v<c3><a6>re veldig opptatt av <c3><a5> ta vare p<c3><a5>,karbonfangst,og lagringsteknologien p<c3><a5> Mongstad n<c3><a5> n<c3><a5>r gasskraftverket blir,karbonfangst*
doc_919,48,48,p<c3><a5> Mongstad n<c3><a5> n<c3><a5>r gasskraftverket blir lagt ned,Karbonfangst,og lagring har jo hele tiden v<c3><a6>rt den,karbonfangst*
doc_919,87,87,Klemetsrud Norcem Brevik og Yara som kandidater for,karbonfangst,og lagring Melk<c3><b8>ya som har det st<c3><b8>rste utslippet,karbonfangst*
doc_919,121,121,at det blir satt fortgang i og gjennomf<c3><b8>rt,karbonfangst,og lagring p<c3><a5> Klemetsrud Norcem Brevik og Yara,karbonfangst*
doc_920,18,18,regjeringen har jobbet fortl<c3><b8>pende med fullskalaprosjektet knyttet til,karbonfangst,transport og lagring Vi er n<c3><a5> i en,karbonfangst*
doc_1007,247,247,De m<c3><a5> baseres p<c3><a5> nullutslipp enten det er,karbonfangst,og lagring som Ola Elvestuen var inne p<c3><a5>,karbonfangst*
doc_1039,52,52,at eksport og bruk av gass skjer med,karbonfangst,og lagring og det er overhodet ikke en,karbonfangst*
doc_1272,378,378,Hvorfor i all verden skulle vi investert i,karbonfangst,og lagring hvis vi ikke ogs<c3><a5> hadde et,karbonfangst*
doc_1965,28,28,ble en bekreftelse p<c3><a5> hvor sentralt arbeidet med,karbonfangst,og lagring er for klodens klima Lykkes vi,karbonfangst*
doc_1965,207,207,v<c3><a6>re ualminnelig bred enighet der ute om at,karbonfangst,og lagring fortsatt skal v<c3><a6>re et viktig satsingsomr<c3><a5>de,karbonfangst*
doc_1972,67,67,den innsatsen som har v<c3><a6>rt lagt ned rundt,karbonfangst,i spill B<c3><a5>de Yara og Norcem har kommet,karbonfangst*
doc_1973,4,4,Une Bastholm MDG,Karbonfangst,og lagring for industrien er en forutsetning for,karbonfangst*
doc_1974,21,21,med men jeg gj<c3><b8>r det n<c3><a5>r det gjelder,karbonfangst,og lagring Det er ingen tvil om at,karbonfangst*
doc_1974,30,30,og lagring Det er ingen tvil om at,karbonfangst,og lagring kommer til <c3><a5> v<c3><a6>re n<c3><b8>dvendig for,karbonfangst*
doc_1974,89,89,i Nederland at Nederland igangsetter omfattende satsing p<c3><a5>,karbonfangst,og lagring med en reduksjon p<c3><a5> pst av,karbonfangst*
doc_1974,107,107,innen og pst av dette skal tas ved,karbonfangst,og lagring Vi fra Venstre er for grundighet,karbonfangst*
doc_2054,26,26,innenfor konkrete klimatiltak Arbeidet med <c3><a5> realisere fullskala,karbonfangst,og lagring er avgj<c3><b8>rende for at verden n<c3><a5>r,karbonfangst*
doc_2135,274,274,det budsjettet vi n<c3><a5> behandler satser vi p<c3><a5>,karbonfangst,i industrien og flere midler til regional utvikling,karbonfangst*
doc_2143,272,272,og norsk skipsindustri Vi g<c3><a5>r imot hvileskj<c3><a6>r innen,karbonfangst,Det er ikke nok <c3><a5> si at man,karbonfangst*
doc_2155,46,46,er <c3><a5> f<c3><a5> p<c3><a5> plass en teknologi for,karbonfangst,og lagring men i dette budsjettet s<c3><a5>r regjeringen,karbonfangst*
doc_2156,16,16,som er viktige for industrien ogs<c3><a5> dette med,karbonfangst,men n<c3><a5>r vi har sagt at vi ikke,karbonfangst*
doc_2168,386,386,vi p<c3><a5> mer jernbane kollektivtrafikk nullutslippsbiler elektriske ferger,karbonfangst,og lagring samtidig som vi finansierer det med,karbonfangst*
doc_2197,486,486,til en endring n<c3><a5>r det gjelder ambisjonene for,karbonfangst,og lagring Igjen sier Elvestuen helt riktig at,karbonfangst*
doc_2197,504,504,blir sv<c3><a6>rt vanskelig <c3><a5> n<c3><a5> klimam<c3><a5>lene v<c3><a5>re uten,karbonfangst,og lagring Karbonfangst og lagring er dyrt men,karbonfangst*
doc_2197,507,507,<c3><a5> n<c3><a5> klimam<c3><a5>lene v<c3><a5>re uten karbonfangst og lagring,Karbonfangst,og lagring er dyrt men det er mye,karbonfangst*
doc_2199,446,446,av petroleumsn<c3><a6>ringen Regjeringen har gjennomf<c3><b8>rt store satsinger p<c3><a5>,karbonfangst,og lagring Vi har kommet dit hen at,karbonfangst*
doc_2200,194,194,som gir store utslippskutt raskt som satsing p<c3><a5>,karbonfangst,og lagring men ogs<c3><a5> p<c3><a5> skog b<c3><a5>de skogens,karbonfangst*
doc_2203,385,385,lyspunktene som finnes oppveies av dramatiske tilbakeskritt p<c3><a5>,karbonfangst,og lagring en flom av petroleumssubsidier og rekordinvesteringer,karbonfangst*
doc_2203,429,429,stanse regjeringens trenering av en ekte satsing p<c3><a5>,karbonfangst,og lagring ta initiativ til en storskala internasjonal,karbonfangst*
doc_2205,137,137,huske at regjeringen ville kutte satsingen p<c3><a5> CCS,karbonfangst,og lagring p<c3><a5> de tre store industriprosjektene i,karbonfangst*
doc_2205,315,315,satset p<c3><a5> havets helse og framtidens l<c3><b8>sninger med,karbonfangst,og lagring p<c3><a5> demonstrasjonsanlegg for havvind og vi,karbonfangst*
doc_2205,373,373,i nullutslippsteknologi i veitransporten biodrivstoff klimavennlig skipsfart og,karbonfangst,og lagring Vi vil ogs<c3><a5> satse mer p<c3><a5>,karbonfangst*
doc_2207,391,391,seg inn i nye risikoomr<c3><a5>der N<c3><a5>r det gjelder,karbonfangst,og lagring CCS er det ogs<c3><a5> enighet om,karbonfangst*
doc_2210,105,105,<c3><a5> forst<c3><a5> Vi har ord og begreper som,karbonfangst,karbonlagring klimagasser klimakvoter ikke-kvotepliktig sektor Parisavtalen 2-gradersm<c3><a5>let COP23,karbonfangst*
doc_2211,47,47,til reelle utslippskutt Arbeidet med <c3><a5> realisere fullskala,karbonfangst,og lagring er avgj<c3><b8>rende for at verden skal,karbonfangst*
doc_2211,162,162,satse p<c3><a5> utvikling og implementering av ny teknologi,Karbonfangst,i industrien representerer store investeringer Budsjettforslaget til regjeringen,karbonfangst*
doc_2212,203,203,salg av havvindteknologi til utlandet utvikling av biobasert,karbonfangst,og lagring nullutslippsl<c3><b8>sninger i industrien bygging av utslippsfrie,karbonfangst*
doc_2218,272,272,m<c3><a5> sette et virkelig stort sp<c3><b8>rsm<c3><a5>lstegn ved er,karbonfangst,og lagring at de ikke engang der klarer,karbonfangst*
doc_2231,224,224,tiltak Og vi etterlyser hva som skjer med,karbonfangst,og lagring n<c3><a5>r en f<c3><a5>r s<c3><a5> store og,karbonfangst*
doc_2231,275,275,at det ikke er noe problem knyttet til,karbonfangst,og lagring at dette skal de komme tilbake,karbonfangst*
doc_2231,324,324,at Norge ikke lenger vil ha lederrollen i,karbonfangst,og lagring <c2><bb> Han sa videre at for,karbonfangst*
doc_2231,356,356,der Det ligger ikke <c3><a9>n krone ekstra til,karbonfangst,og lagring I helgen bestemte Venstre seg for,karbonfangst*
doc_2231,411,411,en ha dannet flertall for mer penger til,karbonfangst,og lagring men det er tydeligvis viktigere <c3><a5>,karbonfangst*
doc_2235,330,330,budsjett hvor opposisjonen <c3><b8>nsker <c3><a5> <c3><b8>ke satsingen p<c3><a5>,karbonfangst,og lagring mens regjeringen har kuttet kraftig Opposisjonen,karbonfangst*
doc_2237,363,363,har mot gode forslag s<c3><a6>rlig n<c3><a5>r det gjelder,karbonfangst,og lagring og ikke minst n<c3><a5>r det gjelder,karbonfangst*
doc_2247,12,12,Det har v<c3><a6>rt bred enighet om <c3><a5> realisere,karbonfangst,og lagring i industrien s<c3><a5> raskt som mulig,karbonfangst*
doc_2247,32,32,de nasjonale klimam<c3><a5>lene Arbeidet med <c3><a5> realisere fullskala,karbonfangst,og lagring er avgj<c3><b8>rende ikke bare for at,karbonfangst*
doc_2247,92,92,kritisk til regjeringens foresl<c3><a5>tte kutt i satsingen p<c3><a5>,karbonfangst,og lagring og foreslo selv <c3><a5> legge inn,karbonfangst*
doc_2270,11,11,FrP Regjeringen har igangsatt og gjennomf<c3><b8>rt studier innenfor,karbonfangst,og lagring Regjeringen <c3><b8>nsker n<c3><a5> <c3><a5> forankre prosjektet,karbonfangst*
doc_2273,18,18,lederrolle i <c3><a5> utvikle teknologi for CCS alts<c3><a5>,karbonfangst,og lagring og vi har tidligere diskutert dette,karbonfangst*
doc_2273,69,69,oppn<c3><a5> Paris-m<c3><a5>lene hvis vi ikke g<c3><a5>r veien om,karbonfangst,og lagring,karbonfangst*
doc_2298,43,43,man n<c3><a5> har skapt enda en utsettelse av,karbonfangst,I Oslo har m<c3><a5>let v<c3><a6>rt rensing av Klemetsrudanlegget,karbonfangst*
doc_2429,383,383,jeg hadde lyst til <c3><a5> nevne spesielt er,karbonfangst,og lagring Jeg oppfatter det slik at Jel<c3><b8>ya-plattformen,karbonfangst*
doc_2429,443,443,med <c3><a5> opprettholde og videref<c3><b8>re en foregangsrolle innenfor,karbonfangst,og lagring Det er kanskje bare passe interessant,karbonfangst*
doc_2440,181,181,utvikling av andre og tredjegenerasjons biodrivstoff langt tilbake,Karbonfangst,og lagring i t<c3><b8>rrlagte oljebr<c3><b8>nner p<c3><a5> en gjennomanalysert,karbonfangst*
doc_2493,14,14,at SV blir med p<c3><a5> de store oppgavene,Karbonfangst,er <c3><a9>n av dem og der m<c3><a5> vi,karbonfangst*
doc_2600,389,389,CO med <c3><a5>rlig utslipp p<c3><a5> tonn CO i,Karbonfangst,og senere karbonfangst og lagring vil v<c3><a6>re et,karbonfangst*
doc_2600,392,392,utslipp p<c3><a5> tonn CO i Karbonfangst og senere,karbonfangst,og lagring vil v<c3><a6>re et viktig tiltak som,karbonfangst*
doc_2600,488,488,legge fram det varslede forslaget til finansieringsmodell for,karbonfangst,og lagring som en egen sak til Stortinget,karbonfangst*
doc_2617,197,197,p<c3><a5> havvind at vi har ambisjoner knyttet til,karbonfangst,at vi skal begynne <c3><a5> bygge gr<c3><b8>nne batterier,karbonfangst*
doc_2828,318,318,alts<c3><a5> sementproduksjon og knyte dette til utvikling av,karbonfangst,Det siste er risikoavlasting som eg meiner er,karbonfangst*
doc_2976,19,19,g<c3><a5>r fikk MDG et slags d<c3><a9>j<c3><a0> vu Regjeringens,karbonfangstpolitikk,har glidd inn i et m<c3><b8>nster vi kjenner,karbonfangst*
doc_2976,62,62,regjeringen utsetter n<c3><a5> investeringsbeslutningen for Norges satsing p<c3><a5>,karbonfangst,og lagring med opptil to <c3><a5>r Videre prosjektering,karbonfangst*
doc_2976,72,72,lagring med opptil to <c3><a5>r Videre prosjektering av,karbonfangst,og lagring ved Yara kuttes prosjektet ved Norcem,karbonfangst*
doc_2976,156,156,og gass gj<c3><b8>r en s<c3><a5> halvhjertet jobb med,karbonfangst,som er den eneste teknologien som kanskje kunne,karbonfangst*
doc_2977,22,22,en ledende rolle i det globale arbeidet med,karbonfangst,og lagring CCS Den posisjonen har vi opparbeidet,karbonfangst*
doc_2978,12,12,A Mitt sp<c3><b8>rsm<c3><a5>l g<c3><a5>r til olje og energiministeren,Karbonfangst,og lagring er v<c3><a5>rt viktigste enkelttiltak p<c3><a5> klimaomr<c3><a5>det,karbonfangst*
doc_3179,288,288,globale oppvarmingen gjennom de mulighetene som ligger i,karbonfangst,transport og lagring Gode l<c3><b8>sninger og et marked,karbonfangst*
doc_3179,298,298,og lagring Gode l<c3><b8>sninger og et marked for,karbonfangst,transport og lagring er det viktigste Norge kan,karbonfangst*
doc_3184,590,590,bedre teknologi og at vi ogs<c3><a5> f<c3><a5>r fram,karbonfangstanlegg,som kan bidra til <c3><a5> hjelpe disse anleggene,karbonfangst*
doc_3266,164,164,punktutslipp og vi har lagringsmuligheter Vi kan gj<c3><b8>re,karbonfangst,og lagring til en lovende mulighet i kampen,karbonfangst*
doc_3266,208,208,i forslaget til revidert nasjonalbudsjett for skriver at,karbonfangst,og lagring m<c3><a5> vurderes opp mot andre klimatiltak,karbonfangst*
doc_3266,289,289,vi skal finansiere de neste fram til at,karbonfangst,og lagring er kommersielt tilgjengelig Og ikke minst,karbonfangst*
doc_3266,346,346,av energimeldingen i ba regjeringen utrede finansieringsmodeller for,karbonfangst,og lagring Derfor mener flertallet i komiteen at,karbonfangst*
doc_3270,22,22,enighet i denne salen om at vi trenger,karbonfangst,og lagring av negative utslipp i kampen mot,karbonfangst*
doc_3271,84,84,<c3><a5> kutte klimautslipp <e2><80><93> potensielle prosjekter Der har,karbonfangst,og lagring kommet inn igjen etter <c3><a5> ha,karbonfangst*
doc_3272,52,52,av disse kuttene skal tas ved hjelp av,karbonfangst,i industri ca mill tonn og avfallsforbrenning mill,karbonfangst*
doc_3273,44,44,m<c3><a5> ha p<c3><a5> plass en gjennomf<c3><b8>rbar l<c3><b8>sning for,karbonfangst,og lagring for <c3><a5> kunne n<c3><a5> m<c3><a5>lene etter,karbonfangst*
doc_3274,385,385,er klart at selv om vi lykkes med,karbonfangst,i Norge er ikke det noen garanti for,karbonfangst*
doc_3275,28,28,i opposisjon for <c3><a5> f<c3><a5> til prosjekter med,karbonfangst,og lagring i Norge og det har vi,karbonfangst*
doc_3275,149,149,en tydelig plan fram til og s<c3><a5> kommer,karbonfangst,og lagring som en bonus hvis vi greier,karbonfangst*
doc_3275,246,246,med forbrenningsanlegg Her er det masse punktutslipp hvor,karbonfangsten,kan komme inn Her ligger det mange piper,karbonfangst*
doc_3277,14,14,av kort tid f<c3><a5>r statsr<c3><a5>den kvalitetssikringsrapporten for Fortums,karbonfangstprosjekt,her i Oslo og statsr<c3><a5>den sier at regjeringen,karbonfangst*
doc_3300,334,334,<c3><a5> behalde maskinavskrivingane i industrien satsa p<c3><a5> storskala,karbonfangst,og lagring eller lagt fram ambisi<c3><b8>se satsingar og,karbonfangst*
doc_3315,305,305,arbeidsplassene man faktisk snakker om S<c3><a5> har vi,karbonfangst,og lagring som kan bli det nye store,karbonfangst*
doc_3316,153,153,vil ha stor nasjonal og internasjonal effekt er,karbonfangst,og lagring Ogs<c3><a5> her s<c3><a5> vi lenge en,karbonfangst*
doc_3388,217,217,helt i front n<c3><a5>r det gjelder utviklingen av,karbonfangst,og lagring Regjeringen videref<c3><b8>rer arbeidet b<c3><a5>de med Klemetsrud,karbonfangst*
doc_3420,49,49,de forslagene handlet om <c3><a5> g<c3><a5> videre med,karbonfangst,og lagring Alle rapporter vi leser sier at,karbonfangst*
doc_3420,59,59,lagring Alle rapporter vi leser sier at uten,karbonfangst,og lagring vil vi ikke n<c3><a5> 2-gradersm<c3><a5>let og,karbonfangst*
doc_3420,97,97,Norsk Industri og bedriftene stilles det sp<c3><b8>rsm<c3><a5>l Vil,karbonfangst,p<c3><a5> Klemetsrud og i Brevik f<c3><a5> finansiering neste,karbonfangst*
doc_3509,315,315,Derfor fortsetter regjeringen <c3><a5> satse p<c3><a5> utvikling av,karbonfangst,og lagring med de to prosjektene vi har,karbonfangst*
doc_3569,92,92,utenfor et fond begynnende opptrappinger som trengs for,karbonfangst,og lagring for industrien <c3><a5> starte elektrifisering av,karbonfangst*
doc_3598,56,56,tydeligvis ingen betydning At vi gjennomf<c3><b8>rer og videref<c3><b8>rer,karbonfangst,og lagring p<c3><a5> de to prosjektene vi har,karbonfangst*
doc_3663,965,965,inn mot industri og n<c3><a6>ringsliv at vi prioriterer,karbonfangst,og lagring slik at man kan realisere minst,karbonfangst*
doc_3765,670,670,g<c3><a5>r an <c3><a5> finne fram til teknologi for,karbonfangst,og lagring selv om det er langt igjen,karbonfangst*
doc_3771,694,694,ved <c3><a5> sette av mrd kr til fullskala,karbonfangst,og lagring i et fond som selvf<c3><b8>lgelig m<c3><a5>,karbonfangst*
doc_3798,443,443,<c3><a5>rene framover Vi m<c3><a5> bygge opp teknologien for,karbonfangst,og lagring Derfor fortsetter regjeringen med prosjektene p<c3><a5>,karbonfangst*
doc_3813,57,57,b<c3><b8>r v<c3><a6>re nevnt og det er investeringene i,karbonfangst,og lagring Jeg vil bare understreke hvor utrolig,karbonfangst*
doc_3936,497,497,for <c3><a5> f<c3><a5> innfaset de elbilene f<c3><a5> til,karbonfangst,og lagring satse p<c3><a5> sirkul<c3><a6>r <c3><b8>konomi f<c3><a5> til,karbonfangst*
doc_3940,533,533,fortsatt er vennlige men ganske uforpliktende formuleringer om,karbonfangst,og lagring n<c3><a5>r det gjelder b<c3><a5>de om man,karbonfangst*
doc_3940,565,565,bransjen ikke minst i oljebransjen Ikke bare er,karbonfangst,og lagring viktig for klimaet som s<c3><a5>dant <e2><80><93>,karbonfangst*
doc_3940,606,606,av v<c3><a5>r viktigste bransje for lykkes man med,karbonfangst,og lagring vil man ha en mye lengre,karbonfangst*
doc_3951,545,545,allerede n<c3><a5> ha v<c3><a6>rt en prinsipiell avklaring omkring,karbonfangst,for prosjektene i Norcem i Brevik og Klemetsrud,karbonfangst*
doc_3960,429,429,det settes fart Vi m<c3><a5> f<c3><a5> fart p<c3><a5>,karbonfangst,og lagring og vi m<c3><a5> tydeliggj<c3><b8>re at vi,karbonfangst*
doc_4043,570,570,investeringsbeslutninger for de prosjektene som er startet rundt,karbonfangst,og lagring og ogs<c3><a5> det <c3><a5> f<c3><a5> i,karbonfangst*
doc_4056,167,167,viktige sakene som denne komiteen h<c3><a5>ndterer Vi har,karbonfangst,og lagring som er en viktig sak og,karbonfangst*
doc_4056,227,227,finansieringsmodellene vi trenger <c3><a5> f<c3><a5> p<c3><a5> plass for,karbonfangst,og lagring har Stortinget f<c3><a5>tt s<c3><a5> vi vet,karbonfangst*
doc_4058,196,196,bruke fortsatt Blant annet er det viktig p<c3><a5>,karbonfangst,og lagring for n<c3><a5> er det en betydelig,karbonfangst*
doc_4058,224,224,<c3><a5> samarbeide i Norden om <c3><a5> f<c3><a5> til,karbonfangst,og lagring i et stort industrielt sprang Det,karbonfangst*
doc_4072,240,240,ivareta de ressursene vi har Vi m<c3><a5> utvikle,karbonfangst,og lagring Og s<c3><a5> m<c3><a5> vi ikke glemme,karbonfangst*
doc_4249,72,72,klimatiltak ser statsr<c3><a5>den p<c3><a5> som mer effektive enn,karbonfangst,og lagring <c2><bb>,karbonfangst*
doc_4251,22,22,om <c3><a5> begrense temperatur<c3><b8>kningen til to grader uten,karbonfangst,og lagring N<c3><a5>r regjeringen fremdeles n<c3><b8>ler med <c3><a5>,karbonfangst*
doc_4251,34,34,regjeringen fremdeles n<c3><b8>ler med <c3><a5> f<c3><a5> p<c3><a5> plass,karbonfangst,og lagring <e2><80><93> er det fordi man anser,karbonfangst*
doc_4253,28,28,europeisk industri ved <c3><a5> lagre CO i Nordsj<c3><b8>en,Karbonfangst,og lagring CCS er det n<c3><a6>rmeste vi kommer,karbonfangst*
doc_4255,5,5,Ruth Grung A <c2><ab>,Karbonfangst,og lagring gj<c3><b8>r norsk industri til en del,karbonfangst*
doc_4255,34,34,leverer lagring i henhold til EUs veikart for,karbonfangst,og lagring vil det inneb<c3><a6>re arbeidsplasser bare knyttet,karbonfangst*
doc_4257,6,6,Ingvild Kjerkol A <c2><ab> Gjennom,karbonfangst,og lagring kan Norge sikre utslippsfri energi til,karbonfangst*
doc_4259,27,27,fram ei utreiing om verdikjeden og finansieringsmodellar for,karbonfangst,og lagring Utan ei slik avklaring er det,karbonfangst*
doc_4280,20,20,m<c3><a5> ha en rask og omfattende utbygging av,karbonfangst,og lagring for <c3><a5> ha mulighet til <c3><a5>,karbonfangst*
doc_4280,114,114,andre tiltak som han mener er bedre enn,karbonfangst,og lagring Jeg fikk bare en sammenfatning om,karbonfangst*
doc_4280,152,152,<c3><a5> f<c3><a5> realisert den satsingen som g<c3><a5>r p<c3><a5>,karbonfangst,og lagring som er utrolig viktig for norsk,karbonfangst*
doc_4282,64,64,investeringsbeslutning klar for det prosjektet som g<c3><a5>r p<c3><a5>,karbonfangst,og lagring Vil man kunne klare det innen,karbonfangst*
doc_4285,31,31,blitt verdens st<c3><b8>rste og mest fleksible testanlegg for,karbonfangst,I tillegg er det gjennom mange <c3><a5>rs drift,karbonfangst*
doc_4289,62,62,at for dei selskapa som jobbar konkret med,karbonfangst,vil ein lang venteperiode utan finansiering fr<c3><a5> forprosjekta,karbonfangst*
doc_4291,34,34,bransjen Mange av de foreg<c3><a5>ende sp<c3><b8>rrerne var innom,karbonfangst,og lagring og det enorme potensialet for n<c3><a6>ringsutvikling,karbonfangst*
doc_4335,192,192,at det ikke minst inneb<c3><a6>rer en storsatsing p<c3><a5>,karbonfangst,og lagring,karbonfangst*
doc_4368,150,150,er i startfasen p<c3><a5> et stort prosjekt for,karbonfangst,og lagring som ogs<c3><a5> kan bli et viktig,karbonfangst*
doc_4371,53,53,mye skog hogstmoden etter hvert Her er det,karbonfangst,og gr<c3><b8>nne arbeidsplasser Usikkerhet er som gift for,karbonfangst*
doc_4425,99,99,sentrum<e2><80><93>h<c3><b8>yre-regjeringen Jeg kom nettopp fra en debatt om,karbonfangst,og lagring CCS Vel i naturen finnes det,karbonfangst*
doc_4437,417,417,reduserer CO2-innholdet Det er det eneste systemet for,karbonfangst,og lagring som fungerer i dag <e2><80><93> og,karbonfangst*
doc_4458,135,135,karbon i v<c3><a5>re myrer er resultatet av forskning,Karbonfangst,kan ikke gjennomf<c3><b8>res uten en betydelig forskningsinnsats Det,karbonfangst*
doc_4480,144,144,raskere fram <e2><80><93> i hvert fall gass uten,karbonfangst,og lagring og omdanning til hydrogen Min sterke,karbonfangst*
doc_4499,174,174,eksempel p<c3><a5> en slik utvikling av teknologi er,karbonfangst,og lagring <c3><85> lykkes med det er en,karbonfangst*
doc_4510,101,101,ned Vi trenger pengene til f.eks <c3><a5> utvikle,karbonfangst,og lagring <e2><80><93> en utrolig dyr investering Der,karbonfangst*
doc_4846,339,339,ein berre skulle kj<c3><b8>pa betong der ein har,karbonfangst,og lagring trur eg vil vera eit sv<c3><a6>rt,karbonfangst*
doc_4851,132,132,vi ikke kunnet bygge noe med sement f<c3><b8>r,karbonfangst,og lagring eventuelt var ferdigstilt og da kunne,karbonfangst*
doc_4851,220,220,eller det <c3><a5> v<c3><a6>re med p<c3><a5> prosjekter med,karbonfangst,og lagring som vi vil f<c3><a5> full anledning,karbonfangst*
doc_5002,272,272,viktig Som representanten N<c3><a6>vra var inne p<c3><a5> er,karbonfangst,og lagring en mulighet og ogs<c3><a5> hydrogenproduksjon Men,karbonfangst*
doc_5006,303,303,spiller norsk gass en viktig rolle det med,karbonfangst,og lagring er viktig og det er ogs<c3><a5>,karbonfangst*
doc_5011,77,77,som representanten Heggelund inviterte til N<c3><a5>r det gjelder,karbonfangst,og lagring har Arbeiderpartiet kommet med to forslag,karbonfangst*
doc_5069,593,593,pengar for <c3><a5> f<c3><a5> fart p<c3><a5> arbeidet med,karbonfangst,og lagring n<c3><a5>r ein borer pr<c3><b8>vebr<c3><b8>nn for lagra,karbonfangst*
doc_5148,1156,1156,og vi skal ha store ambisjoner for storskala,karbonfangst,og lagring Det er helt avgj<c3><b8>rende for <c3><a5>,karbonfangst*
doc_5152,211,211,er <c3><b8>kende utslipp i fjor manglende innsats for,karbonfangst,og lagring nye oljelisenser i stedet for <c3><a5>,karbonfangst*
doc_5169,684,684,som drivarar i norsk <c3><b8>konomi som bioindustri hydrogen,karbonfangst,maritime og digitale n<c3><a6>ringar Skal vi klare dette,karbonfangst*
doc_5177,496,496,med og utvikle nye gr<c3><b8>nne n<c3><a6>ringer framover som,karbonfangst,og lagring hydrogensatsing og havvind P<c3><a5> land er,karbonfangst*
doc_5184,296,296,m<c3><a5> v<c3><a6>re ut<c3><a5>lmodige og sikre raske beslutninger om,karbonfangstprosjekter,i industrien <e2><80><93> det motsatte av hva regjeringen,karbonfangst*
doc_5184,324,324,en viktig bro til framtiden Det handler om,karbonfangst,og lagring fra naturgass til hydrogen mineraler for,karbonfangst*
doc_5200,175,175,hjem og en egen hydrogenstrategi Vi satser p<c3><a5>,karbonfangst,og lagring for <c3><a5> f<c3><a5> ned utslippene fra,karbonfangst*
doc_5258,193,193,i smarte framtidsrettede l<c3><b8>sninger for <c3><a5> redusere klimautslipp,Karbonfangst,og lagring g<c3><a5>r definitivt sin gang til tross,karbonfangst*
doc_5258,253,253,akkord med sikkerheten Northern Lights-prosjektet som ogs<c3><a5> tilh<c3><b8>rer,karbonfangst,og lagring gj<c3><b8>r en kjempegod jobb og alle,karbonfangst*
doc_5264,225,225,ny kommersiell teknologi Ett av disse omr<c3><a5>dene er,karbonfangst,og lagring Lykkes vi her kan Norge bli,karbonfangst*
doc_5288,273,273,kom i gang med v<c3><a5>r egen satsing p<c3><a5>,karbonfangst,og lagring Det kan virke som om H<c3><b8>yre,karbonfangst*
doc_5289,125,125,at denne regjeringen <c3><b8>ker CO avgiften satser p<c3><a5>,karbonfangst,og lagring og gj<c3><b8>r rekordinvesteringer i tog buss,karbonfangst*
doc_5290,450,450,Vi held oppe trykket for <c3><a5> f<c3><a5> til,karbonfangst,og lagring Oppsummert trur eg det blir god,karbonfangst*
doc_5355,132,132,med i Utvalget for et b<c3><a6>rekraftig Norden er,karbonfangst,og lagring Som vi kjenner til fra debatten,karbonfangst*
doc_5355,216,216,viktigste regionen den viktigste klyngen for <c3><a5> utvikle,karbonfangst,og lagringsteknologi og en hel verdikjede i Europa,karbonfangst*
doc_5375,41,41,et annet tema som er vel s<c3><a5> stort,Karbonfangst,og lagring vil kunne bli en sv<c3><a6>rt viktig,karbonfangst*
doc_5375,119,119,er ett <c3><a5>r senere enn forventet og for,karbonfangstprosjektene,p<c3><a5> Klemetsrud her i Oslo og p<c3><a5> Norcem,karbonfangst*
doc_5375,146,146,usikkerhet enn n<c3><b8>dvendig Jeg er klar over at,karbonfangstprosjektene,tilligger olje og energiministeren men karbonfangst er utvilsomt,karbonfangst*
doc_5375,152,152,over at karbonfangstprosjektene tilligger olje og energiministeren men,karbonfangst,er utvilsomt et av de viktigste industripolitiske tiltakene,karbonfangst*
doc_5375,181,181,industriens klare forventning om at endelig avklaring om,karbonfangst,m<c3><a5> skje som f<c3><b8>rst forutsatt i l<c3><b8>pet av,karbonfangst*
doc_5376,25,25,det faktisk er bred enighet om i Stortinget,Karbonfangst,og lagring er et stort viktig klimaprosjekt Det,karbonfangst*
doc_5376,112,112,<e2><80><93> med statsbudsjettet for <e2><80><93> er jo at,karbonfangst,og lagring prosjektene som er der fortsetter i,karbonfangst*
doc_5389,139,139,hele Norge tar og de store prosjektene som,karbonfangst,og lagring er det som skal ta oss,karbonfangst*
doc_5403,242,242,h<c3><b8>ykompetente deler av norsk n<c3><a6>ringsliv Innenfor offshore vindkraft,karbonfangst,og lagring og en helelektrifisering av samfunnet kan,karbonfangst*
doc_5403,255,255,helelektrifisering av samfunnet kan vi gj<c3><b8>re mye Men,karbonfangst,og lagring offshore vindkraft og helelektrifisering av Norge,karbonfangst*
doc_5412,432,432,ser vi dette og innenfor flytende havvind og,karbonfangst,og lagring er det Norge som er i,karbonfangst*
doc_5537,106,106,det er <c3><a5> ligge helt i front p<c3><a5>,karbonfangst,og lagring eller nytenkning innenfor norsk industri <e2><80><93>,karbonfangst*
doc_5582,299,299,at i den totale klimautfordringen verden har er,karbonfangst,og lagring en vesentlig del av l<c3><b8>sningen for,karbonfangst*
doc_5590,805,805,n<c3><a6>ringstransport Det bevilges mer enn mill kr til,karbonfangst,og lagring i CO avgiften g<c3><a5>r opp pst,karbonfangst*
doc_5591,642,642,p<c3><a5> nytt Vi har en sterk satsing p<c3><a5>,karbonfangst,og lagring hvor vi mener at Norge m<c3><a5>,karbonfangst*
doc_5593,569,569,vi sier hjemme Regjeringen har stor tro p<c3><a5>,karbonfangst,og lagring og det store mulighetsrommet dette kan,karbonfangst*
doc_5593,676,676,skal sikre at vi skal lykkes b<c3><a5>de med,karbonfangst,og lagring og med havvind,karbonfangst*
doc_5594,495,495,ren energi Skogen er naturens eget system for,karbonfangst,og lagring og b<c3><b8>r brukes mer aktivt i,karbonfangst*
doc_5597,563,563,hurtigladestasjoner for elbil bare i styrke satsingen p<c3><a5>,karbonfangst,og lagring opprette et s<c3><a5>rt tiltrengt klimafond for,karbonfangst*
doc_5601,359,359,og n<c3><a6>ringsutvikling samtidig som me er med p<c3><a5>,karbonfangst,og lagring som gjer at me har st<c3><b8>rre,karbonfangst*
doc_5622,115,115,verkt<c3><b8>y for <c3><a5> n<c3><a5> m<c3><a5>lene i Parisavtalen er,karbonfangst,og lagring Jeg registrerer at det har stort,karbonfangst*
doc_5632,16,16,p<c3><a5> havet Vi har store satsinger innenfor havvind,karbonfangst,og lagring havbruk og selvf<c3><b8>lgelig v<c3><a5>r viktigste n<c3><a6>ring,karbonfangst*
doc_5710,69,69,opp de sterke kompetansemilj<c3><b8>ene vi har knyttet til,karbonfangst,La meg bare presisere Jeg roser Trondheim de,karbonfangst*
doc_5710,118,118,blitt verdens fremste forskningssenter p<c3><a5> omr<c3><a5>det som gjelder,karbonfangst,Men de har bare avtale ut august neste,karbonfangst*
doc_5978,68,68,og sj<c3><b8>transport anleggsmaskiner avfallsh<c3><a5>ndtering og i arbeidet med,karbonfangst,og lagring Kommunene kan ogs<c3><a5> bidra til utslippskutt,karbonfangst*
doc_6047,197,197,vilk<c3><a5>ra p<c3><a5> plass til <c3><a5> byggje anlegg for,karbonfangst,og lagring ville det kunne gitt mellom og,karbonfangst*
doc_6053,43,43,som flytande havvind openbert vil f<c3><a5> og som,karbonfangst,og lagring openbert vil ha Og ikkje minst,karbonfangst*
doc_6177,536,536,regjeringen m<c3><a5> komme tilbake med en investeringsbeslutning for,karbonfangst,og lagring i statsbudsjettet for og utrede karbonfangst,karbonfangst*
doc_6177,544,544,karbonfangst og lagring i statsbudsjettet for og utrede,karbonfangst,ved forbrenningsanleggene i Trondheim Bergen og Stavanger Dette,karbonfangst*
doc_6178,527,527,p<c3><a5> sikt er f.eks <c3><a5> f<c3><a5> p<c3><a5> plass,karbonfangst,og lagring for alle store punktutslipp starte kartlegging,karbonfangst*
doc_6180,178,178,utfordring som er klimakrisen Vi skal satse p<c3><a5>,karbonfangst,og lagring gr<c3><b8>nn skipsfart og andre industrielle prosjekter,karbonfangst*
doc_6238,605,605,en framtidig sirkul<c3><a6>r<c3><b8>konomi og hvis vi lykkes med,karbonfangst,og lagring og hydrogensatsing ville vi ogs<c3><a5> ha,karbonfangst*
doc_6238,626,626,<c3><a5> konvertere norsk gass til ren hydrogen gjennom,karbonfangst,Derfor har vi alts<c3><a5> fra v<c3><a5>r side <e2><80><93>,karbonfangst*
doc_6242,148,148,Samtidig g<c3><a5>r vi foran n<c3><a5>r det gjelder elektrifisering,karbonfangst,og lagring og p<c3><a5> ettersp<c3><b8>rselssida ser en n<c3><a5>,karbonfangst*
doc_6242,278,278,men vi g<c3><a5>r ogs<c3><a5> foran n<c3><a5>r det gjelder,karbonfangst,og lagring Vi har ogs<c3><a5> muligheter innenfor hydrogen,karbonfangst*
doc_6257,351,351,vi putter p<c3><a5> mye penger for <c3><a5> utvikle,karbonfangst,og lagring og skaper med det ogs<c3><a5> en,karbonfangst*
doc_6387,319,319,disse gr<c3><b8>nne prosjektene enten det gjelder havvind eller,karbonfangst,og lagring er en dr<c3><a5>pe i havet n<c3><a5>r,karbonfangst*
doc_6388,332,332,Vi trenger selvf<c3><b8>lgelig olje og gass vi trenger,karbonfangst,og lagring vi trenger havvind og vi trenger,karbonfangst*
doc_6389,580,580,som peker framover <e2><80><93> innenfor gr<c3><b8>nn skipsfart hydrogeninfrastruktur,karbonfangst,for <c3><a5> nevne noe Sammen har fellesskapet stilt,karbonfangst*
doc_6401,713,713,produsere s<c3><a5>kalt bl<c3><a5> hydrogen fra konvertert hydrogengass via,karbonfangst,og lagring og gr<c3><b8>nn hydrogen som er fra,karbonfangst*
doc_6501,179,179,komme tilbake til f<c3><b8>r sommeren Vi har selvf<c3><b8>lgelig,karbonfangst,og lagringsprosjektene S<c3><a5> det er mange viktige prosjekter,karbonfangst*
doc_6513,87,87,investeringer De mest kjente har kommet langt bl.a,karbonfangst,og lagring og havvind Kan statsr<c3><a5>den bekrefte at,karbonfangst*
doc_6513,102,102,bekrefte at investeringer rundt disse nye n<c3><a6>ringene som,karbonfangst,og lagring eller havvind ikke p<c3><a5> noen m<c3><a5>te,karbonfangst*
doc_6514,138,138,Tord Lien Terje S<c3><b8>viknes og Kjell-B<c3><b8>rge Freiberg om,karbonfangst,og lagring gjorde vi enorme fremskritt Det er,karbonfangst*
doc_6549,185,185,faktisk den virkelig velfungerende og kjente teknologien for,karbonfangst,og lagring og det ligger store mengder karbon,karbonfangst*
doc_6589,384,384,norske utviklingen av ny teknologi <e2><80><93> innen havvind,karbonfangst,osv Jeg har stor tiltro til at de,karbonfangst*
doc_6590,708,708,som ligger i innstillingen n<c3><a5>r det gjelder b<c3><a5>de,karbonfangst,og lagring plugging av br<c3><b8>nner m<c3><a5>l for utslippskutt,karbonfangst*
doc_6591,479,479,industrieventyret Vi kunne ha sikret raskere framdrift for,karbonfangst,som b<c3><a5>de NHO og LO ber om Vi,karbonfangst*
doc_6613,185,185,vi vil ha en satsing p<c3><a5> flytende havvind,karbonfangst,og lagring p<c3><a5> <c3><a5> ta i bruk og,karbonfangst*
doc_6616,117,117,han er for satsing p<c3><a5> gr<c3><b8>nn skipsfart hydrogen,karbonfangst,og lagring Jeg m<c3><a5> si at jeg ikke,karbonfangst*
doc_6616,227,227,p<c3><a5> hydrogenstrategien har nettopp kommet offensivt arbeid p<c3><a5>,karbonfangst,og lagring osv osv <e2><80><93> dette er deler,karbonfangst*
doc_6618,150,150,havvind <e2><80><93> mrd kr i st<c3><b8>tte i fjor,Karbonfangst,og lagring jobbes det med Det kan ikke,karbonfangst*
doc_6655,344,344,forslaget om <c3><a5> sette i gang utredning av,karbonfangst,for forbrenningsanlegget i Kristiansand samt Borg CO i,karbonfangst*
doc_6768,633,633,an Vi vil ha fortgang i realiseringen av,karbonfangst,og lagring og utbygging av havvind Vi vil,karbonfangst*
doc_6771,633,633,man kunne p<c3><a5> fortgang i ettersp<c3><b8>rsel etter havvind,karbonfangst,og lagring elektrifisering av ferger skip og sjarker,karbonfangst*
doc_6776,539,539,trenger og samtidig skaper muligheter for norsk industri,karbonfangst,og lagring havvind gr<c3><b8>nne prosjekter til verftsindustrien hydrogen,karbonfangst*
doc_6788,174,174,ut av mindre Vi holder full framdrift p<c3><a5>,karbonfangst,og lagring og satser tungt p<c3><a5> gr<c3><b8>nn skipsfart,karbonfangst*
doc_6790,82,82,<c3><a5>r enige om en investering for de to,karbonfangstanleggene,i Oslo og Brevik i forbindelse med statsbudsjettet,karbonfangst*
doc_6790,126,126,regjeringens vilje <c3><a5> til <c3><a5> satse p<c3><a5> begge,karbonfangstanleggene,De som st<c3><a5>r bak har blitt bedt om,karbonfangst*
doc_6848,1254,1254,jobber og klimal<c3><b8>sningene som verden trenger f.eks innen,karbonfangst,og lagring hydrogen havvind og gr<c3><b8>nn skipsfart Men,karbonfangst*
doc_6852,1104,1104,budsjettforslaget for ligg det inne ei gigantsatsing p<c3><a5>,karbonfangst,og lagring Dette kan vera noko av det,karbonfangst*
doc_6854,431,431,ikke lenger er m<c3><a5>ten en redder jobber p<c3><a5>,Karbonfangst,og lagring derimot skaper jobber og tar verden,karbonfangst*
doc_6854,478,478,oppvarming til grader Regjeringen sier likevel nei til,karbonfangst,og lagring p<c3><a5> Klemetsrud med mindre Oslo-befolkningen klarer,karbonfangst*
doc_6859,836,836,ta ei leiarrolle i det internasjonale arbeidet med,karbonfangst,og lagring Vi samarbeider med nabolanda v<c3><a5>re om,karbonfangst*
doc_6874,427,427,bygger opp gr<c3><b8>nn skipsfart at vi satser p<c3><a5>,karbonfangst,og lagring og alle disse nye mulighetene som,karbonfangst*
doc_6874,465,465,<c3><b8>nsker velkommen regjeringens satsing p<c3><a5> langskip p<c3><a5> fullskala,karbonfangst,transport og lagring Jeg skulle gjerne sett at,karbonfangst*
doc_6874,560,560,bli en av h<c3><b8>stens viktigste debatter her om,karbonfangst,og lagring er at dette er ikke bare,karbonfangst*
doc_6877,525,525,har valgt <c3><a5> satse i Vestfold og Telemark,Karbonfangst,og lagring vil redusere utslipp det vil skape,karbonfangst*
doc_6878,367,367,arbeidsplasser i norsk industri gjennom realisering av Langskip-prosjektet,Karbonfangst,og lagring er et de viktigste tiltakene vi,karbonfangst*
doc_6892,15,15,klar regjeringa har talt og Industri-Noreg tek utfordringa,karbonfangst,transport og lagring CCS er heilt n<c3><b8>dvendig for,karbonfangst*
doc_6894,53,53,FNs klimapanel og Det internasjonale energibyr<c3><a5>et mener at,karbonfangst,er en forutsetning for <c3><a5> redusere de globale,karbonfangst*
doc_6894,204,204,betydelige gassressurser igjen Ved <c3><a5> koble naturgass til,karbonfangst,kan vi dekarbonisere gassen og produsere bl<c3><a5>tt hydrogen,karbonfangst*
doc_6894,335,335,Norge mulighet til <c3><a5> sikre framtidig verdiskaping med,karbonfangst,s<c3><b8>rge for at naturgassen fortsatt vil gi store,karbonfangst*
doc_6904,170,170,omr<c3><a5>de etter omr<c3><a5>de gr<c3><b8>nn skipsfart og n<c3><a5> ogs<c3><a5>,karbonfangst,og lagring,karbonfangst*
doc_6924,101,101,voldsomt til store investeringer i gr<c3><b8>nt <e2><80><93> til,karbonfangst,og lagring gr<c3><b8>nn skipsbygging og havvind som vi,karbonfangst*
doc_6946,158,158,Samtidig vil ettersp<c3><b8>rselen etter hydrogen elektrisitet fra havvind,karbonfangst,og lagring g<c3><a5> opp Er vi posisjonert for,karbonfangst*
doc_6964,201,201,p<c3><a5> fornybar energi eller energi der karbon gjennom,karbonfangst,og lagring forsvarleg skal leggjast ned att i,karbonfangst*
doc_6965,153,153,ogs<c3><a5> jeg gleder meg derfor over satsingen p<c3><a5>,karbonfangst,og lagring som er lekket til mediene og,karbonfangst*
doc_6965,269,269,endringer gj<c3><b8>res parallelt med en stor satsing p<c3><a5>,karbonfangst,og lagring N<c3><a5>r samferdselsministeren varsler at tilskuddet til,karbonfangst*
doc_6968,471,471,til gagns n<c3><a5>r vi n<c3><a5> g<c3><a5>r inn for,karbonfangst,og lagring med Langskip Dette er en god,karbonfangst*
doc_6970,28,28,av oss hadde venta p<c3><a5> Regjeringa satsar p<c3><a5>,karbonfangst,og lagring CCS p<c3><a5> Norcem i Brevik <c3><85>revis,karbonfangst*
doc_6970,208,208,dekkje omtrent to tredelar av kostnadene i prosjektet,Karbonfangst,og lagring vil redusere utslepp skape jobbar gjere,karbonfangst*
doc_6970,234,234,industri blir sikra gode rammevilk<c3><a5>r Me veit at,karbonfangst,og lagring er heilt n<c3><b8>dvendig for at Europa,karbonfangst*
doc_6983,143,143,utslippene som at regjeringen har vendt ryggen til,karbonfangstprosjektet,p<c3><a5> Klemetsrud nylig eller at n<c3><a5>r jeg bes<c3><b8>ker,karbonfangst*
doc_6986,59,59,skog ikke var klare Men vi er for,karbonfangst,og lagring S<c3><a5> hvis Elvestuen skal framheve de,karbonfangst*
doc_6991,18,18,m<c3><a5> mangedobles Vi trenger en storstilt satsing p<c3><a5>,karbonfangst,og lagring Likevel overlater regjeringen delfinansiering av karbonfangstanlegget,karbonfangst*
doc_6991,26,26,karbonfangst og lagring Likevel overlater regjeringen delfinansiering av,karbonfangstanlegget,p<c3><a5> Klemetsrud til andre Det blir ikke noe,karbonfangst*
doc_6998,308,308,konsekvensene av klimaendringene Da er vi glad for,karbonfangst,men vi er alts<c3><a5> fem <c3><a5>r for sent,karbonfangst*
doc_7001,258,258,som gj<c3><b8>res er altfor stort mrd kr til,karbonfangst,og lagring <e2><80><93> endelig etter sju <c3><a5>r <e2><80><93>,karbonfangst*
doc_7026,225,225,er avgj<c3><b8>rende hvis vi skal lykkes med havvind,karbonfangst,og lagring bl<c3><a5>tt hydrogen havmineraler og hvis vi,karbonfangst*
doc_7035,619,619,kroppen og nordisk satsing p<c3><a5> naturlige l<c3><b8>sninger for,karbonfangst,og lagring for <c3><a5> nevne noen Diskusjon rundt,karbonfangst*
doc_7037,199,199,de store satsingene i EUs gr<c3><b8>nne giv ogs<c3><a5>,Karbonfangst,og lagring er et av de store eksemplene,karbonfangst*
doc_7037,250,250,dette og finske Fortum er ogs<c3><a5> ledende p<c3><a5>,karbonfangstsida,p<c3><a5> avfall Men biomasse er ogs<c3><a5> en stor,karbonfangst*
doc_7066,117,117,at regjeringa no g<c3><a5>r inn med milliardinvesteringar i,karbonfangst,og lagring ved nettopp Norcems anlegg i Brevik,karbonfangst*
doc_7115,190,190,<c3><a5> bidra med EU ser til Noreg p<c3><a5>,karbonfangst,og lagring der Langskip skal f<c3><a5> p<c3><a5> plass,karbonfangst*
doc_7134,1157,1157,har r<c3><a5>d til <c3><a5> bruke mrd kr p<c3><a5>,karbonfangst,gjennom prosjektet Langskip <e2><80><93> noen hevder sluttregningen kan,karbonfangst*
doc_7135,190,190,av Europa Det er for sm<c3><a5> ambisjoner for,karbonfangst,og lagring i det budsjettet som er lagt,karbonfangst*
doc_7142,410,410,Langskip-prosjektet et prosjekt for teknologiutvikling og infrastruktur til,karbonfangst,og lagring Det er den st<c3><b8>rste industrisatsingen vi,karbonfangst*
doc_7144,276,276,etablering av nye bedrifter nye gr<c3><b8>nne virksomheter og,karbonfangst,og lagring Men det vi har sett i,karbonfangst*
doc_7147,114,114,Her kan me visa til Noregs arbeid innanfor,karbonfangst,og lagring der Langskip skal f<c3><a5> p<c3><a5> plass,karbonfangst*
doc_7252,61,61,betydelege utsleppskutt som vil bidra til <c3><a5> realisere,karbonfangst,og lagring Det er den st<c3><b8>rste klimainvesteringa i,karbonfangst*
doc_7253,148,148,problemstillingar som gjeld vindkraft som gjeld investeringar i,karbonfangst,og lagring som gjeld investeringar i nullutslepps supplyskip,karbonfangst*
doc_7260,134,134,vi no er einige om nemleg <c3><a5> gjennomf<c3><b8>re,karbonfangst,og lagring Det er eit ganske dyrt klimatiltak,karbonfangst*
doc_7266,114,114,og milj<c3><b8>grepa som ligg i dette budsjettet <e2><80><93>,karbonfangst,og lagring rekordstor jernbanesatsing stor satsing p<c3><a5> kollektivtransport,karbonfangst*
doc_7435,46,46,som redusert oljeutvinning redusert kj<c3><b8>ttforbruk sterkere satsing p<c3><a5>,karbonfangst,og lagring havvind og annen gr<c3><b8>nn industri Ikke,karbonfangst*
doc_7455,70,70,er en enstemmig komit<c3><a9> som sl<c3><a5>r fast at,karbonfangst,og lagring er avgj<c3><b8>rende for <c3><a5> begrense de,karbonfangst*
doc_7455,193,193,eksportere verdensledende fangstteknologi Norge er allerede verdensledende innen,karbonfangst,P<c3><a5> sokkelen har akt<c3><b8>rer drevet med fangst og,karbonfangst*
doc_7456,27,27,ta neste skritt i den lange sagaen om,karbonfangst,og lagring i Norge Norge tok p<c3><a5> seg,karbonfangst*
doc_7456,175,175,eller for den saks skyld til grader utenom,karbonfangst,og lagring De alternativene som finnes er betydelig,karbonfangst*
doc_7456,197,197,i folks liv enn om man lykkes med,karbonfangst,og lagring S<c3><a5> dette er rett og slett,karbonfangst*
doc_7456,227,227,for som saksordf<c3><b8>reren gjorde godt rede for vil,karbonfangst,og lagring v<c3><a6>re knyttet til mange av de,karbonfangst*
doc_7457,395,395,<c3><a5> v<c3><a6>re med p<c3><a5> <c3><a5> sikre fullfinansiering av,karbonfangst,ved Fortum Oslo Varmes anlegg Jeg tar med,karbonfangst*
doc_7458,235,235,norsk side uavhengig av regjeringer jobbet for at,karbonfangst,og lagring skal v<c3><a6>re en del av EUs,karbonfangst*
doc_7458,249,249,del av EUs innovasjonsfond og finansiering N<c3><a5> er,karbonfangst,og lagring tilbake p<c3><a5> lista over innovasjonsprosjekter I,karbonfangst*
doc_7460,22,22,veit er det avgjerande at vi lykkast med,karbonfangst,og lagring viss vi skal n<c3><a5> dei internasjonale,karbonfangst*
doc_7462,11,11,A Som flere har v<c3><a6>rt inne p<c3><a5> m<c3><a5>,karbonfangst,til for <c3><a5> n<c3><a5> klimam<c3><a5>lene Det er f<c3><a5>,karbonfangst*
doc_7462,209,209,hvordan karbonprisen vil utvikle seg konkurranse fra andre,karbonfangstteknologier,eller andre alternative l<c3><b8>sninger og ikke minst verdens,karbonfangst*
doc_7465,156,156,grader er vi n<c3><b8>dt til <c3><a5> ha omfattende,karbonfangst,og lagring Karbonfangst og lagring er teknologi som,karbonfangst*
doc_7465,159,159,n<c3><b8>dt til <c3><a5> ha omfattende karbonfangst og lagring,Karbonfangst,og lagring er teknologi som if<c3><b8>lge Det internasjonale,karbonfangst*
doc_7465,195,195,<c3><b8>ke eksporten i dette tilfellet av norsk klimateknologi,Karbonfangst,og lagring er en ny teknologi som verden,karbonfangst*
doc_7465,237,237,n<c3><a6>rmeste <c3><a5>rene kutte utslipp raskt Da trenger vi,karbonfangst,og lagring Jeg kom inn p<c3><a5> Stortinget i,karbonfangst*
doc_7466,115,115,bruker s<c3><a5> mye tid p<c3><a5> <c3><a5> latterliggj<c3><b8>re Stoltenberg-regjeringens,karbonfangstanlegg,har jeg lyst til <c3><a5> minne om at,karbonfangst*
doc_7466,405,405,del av det globale kunnskapsgrunnlaget som har videreutviklet,karbonfangst,og lagring Apollo kom ikke til m<c3><a5>nen Apollo,karbonfangst*
doc_7467,191,191,Skuffende at Regjeringen ikke g<c3><a5>r videre med fullskala,karbonfangst,ved avfallsanlegget p<c3><a5> Klemetsrud <e2><80><a6> <c2><bb> Den september,karbonfangst*
doc_7467,340,340,han <c2><ab> Vi har en sterk satsing p<c3><a5>,karbonfangst,og lagring hvor vi mener at Norge m<c3><a5>,karbonfangst*
doc_7470,170,170,<c3><a9>n ting i seks m<c3><a5>neder n<c3><a5>r det gjelder,karbonfangst,og lagring og da er det umulig <c3><a5>,karbonfangst*
doc_7472,136,136,s<c3><b8>rge for at vi i framtiden kan f<c3><a5>,karbonfangst,og lagring p<c3><a5> mange flere avfallsanlegg For det,karbonfangst*
doc_7472,159,159,kan man p<c3><a5> sikt tenke seg alternativer til,karbonfangst,og lagring men avfall vil vi alltid ha,karbonfangst*
doc_7472,207,207,er regjeringens strategi p<c3><a5> sikt for avfallsdelen av,karbonfangst,og lagring,karbonfangst*
doc_7473,110,110,slags strategi har regjeringen for <c3><a5> f<c3><a5> til,karbonfangst,og lagring knyttet til gassproduksjon slik at vi,karbonfangst*
doc_7475,165,165,med p<c3><a5> det som skjer n<c3><a5>r det gjelder,karbonfangst,og lagring For det som kommer til <c3><a5>,karbonfangst*
doc_7535,123,123,verdiskaping og <c3><b8>kte eksportinntekter fra fornybar energi bio<c3><b8>konomi,karbonfangst,og lagring og hydrogen Olje og gassn<c3><a6>ringen st<c3><a5>r,karbonfangst*
doc_7543,241,241,<e2><80><93> petroleumsbransjen investerer store bel<c3><b8>p i nye teknologier,karbonfangst,karbonlagring havvind osv har ikke det noe <c3><a5>,karbonfangst*
doc_7551,145,145,bl.a ved <c3><a5> bruke milliarder p<c3><a5> <c3><a5> utvikle,karbonfangst,og lagring som kommer til <c3><a5> v<c3><a6>re kjempeviktig,karbonfangst*
doc_7597,49,49,som f.eks presenteres her tas ikke de store,karbonfangst,og lagringspengene vi har lagt inn med for,karbonfangst*
doc_7597,69,69,budsjettpenger Det ligger jo en storsatsing p<c3><a5> nettopp,karbonfangst,i statsbudsjettet for innev<c3><a6>rende <c3><a5>r men det er,karbonfangst*
doc_7604,94,94,realisert mange store prosjekter I tillegg har vi,karbonfangst,og lagring som ligger i statsbudsjettet Det er,karbonfangst*
doc_7760,590,590,den historiske avtalen med jordbruket historisk satsing p<c3><a5>,karbonfangst,og lagring h<c3><b8>yere pris p<c3><a5> utslipp for petron<c3><a6>ringen,karbonfangst*
doc_7764,471,471,f<c3><a5>tt til en langt mer offensiv satsing p<c3><a5>,karbonfangst,og lagring p<c3><a5> langt flere anlegg enn det,karbonfangst*
doc_7765,592,592,biodrivstoff p<c3><a5> tanken vil ogs<c3><a5> redusere utslippene ytterligere,Karbonfangst,og lagring har vi ogs<c3><a5> f<c3><a5>tt til i,karbonfangst*
doc_7765,633,633,over milliardene vi skal bruke p<c3><a5> <c3><a5> utvikle,karbonfangst,og lagring de neste <c3><a5>rene i Norge Det,karbonfangst*
doc_7769,793,793,gjennomf<c3><b8>re mange tiltak i <c3><a5>ra framover mange investeringar,karbonfangst,og lagring forsking og innovasjon Og det er,karbonfangst*
doc_7771,272,272,skifte hvor vi satser p<c3><a5> havvind og hydrogen,karbonfangst,og lagring bioindustri batteriindustri og p<c3><a5> <c3><a5> bli,karbonfangst*
doc_7797,112,112,for <c3><a5> f<c3><a5> p<c3><a5> plass et anlegg for,karbonfangst,og lagring for avfall p<c3><a5> Klemetsrud som resten,karbonfangst*
doc_7818,120,120,til Kva vil det gjere med investeringslysta p<c3><a5>,karbonfangst,og lagring Det er eg uroleg for Men,karbonfangst*
doc_7824,226,226,klimaomstilling i jordbruket eg trur dei er for,karbonfangst,og lagring og det er ogs<c3><a5> regjeringa,karbonfangst*
doc_7829,1441,1441,P<c3><a5> omr<c3><a5>der som elektrifisering av transport gr<c3><b8>nn skipsfart,karbonfangst,og lagring hydrogen og havvind har Norge ettertraktet,karbonfangst*
doc_7829,5248,5248,ivareta norske interesser for bl.a havvind hydrogen og,karbonfangst,og lagring Regjeringa vil videreutvikle energisamarbeidet med v<c3><a5>re,karbonfangst*
doc_7860,125,125,kan s<c3><b8>rge for at vi f<c3><a5>r fart p<c3><a5>,karbonfangst,og lagring batteriindustri hydrogenindustri bioindustri <e2><80><93> alle de,karbonfangst*
doc_8041,143,143,for <c3><a5> n<c3><a5> sine m<c3><a5>l Regjeringens satsing p<c3><a5>,karbonfangst,og lagring med Langskip er et av disse,karbonfangst*
doc_8059,217,217,<e2><80><93> at de vil ha en satsing p<c3><a5>,karbonfangst,og lagring Til det er det bare <c3><a5>,karbonfangst*
doc_8062,136,136,Sylvi Listhaug som er imot CO avgift mot,karbonfangst,og lagring og mot gode kollektivprosjekter i storbyene,karbonfangst*
doc_8083,81,81,klimapanel fordi det har veldig optimistiske anslag for,karbonfangst,og lagring som jo er avhengig av politisk,karbonfangst*
doc_8112,421,421,noen omr<c3><a5>der Vi sitter p<c3><a5> mulighetene Flytende havvind,karbonfangst,og lagring hydrogen <e2><80><93> veldig mange av de,karbonfangst*
doc_8123,277,277,De sier at det ikke skjer noe p<c3><a5>,karbonfangst,og lagring Senest i Dagsavisen i dag var,karbonfangst*
doc_8123,297,297,hvor man p<c3><a5>st<c3><a5>r at regjeringen er passiv i,karbonfangst,og lagring <e2><80><93> noe denne regjeringen alts<c3><a5> planlegger,karbonfangst*
doc_8124,128,128,som n<c3><a5> er lyst ut De bidro til,karbonfangst,og lagring og de bidro ogs<c3><a5> til at,karbonfangst*
doc_8183,46,46,p<c3><a5> er nettopp et klimaprosjekt Det handler om,karbonfangst,og lagring og det har et enormt potensial,karbonfangst*
doc_8209,108,108,knyter seg til havet anten det er havvind,karbonfangst,og lagring variantar av utviklinga av framtidig skipsfart,karbonfangst*
doc_8356,190,190,Denne regjeringen har levert over mrd kr til,karbonfangst,og lagring Det er omtrent s<c3><a5> n<c3><a6>rt man,karbonfangst*
doc_8356,206,206,man kommer en global ledestjerne n<c3><a5>r det gjelder,karbonfangst,og lagring som et helhetlig prosjekt Ingen andre,karbonfangst*
doc_8450,77,77,har g<c3><a5>tt i front for <c3><a5> f<c3><a5> til,karbonfangst,og lagring Over mrd kr skal vi bruke,karbonfangst*
doc_8450,379,379,har v<c3><a6>rt med p<c3><a5> <c3><a5> f<c3><a5> p<c3><a5> plass,karbonfangst,og lagring Vi har g<c3><a5>tt i front i,karbonfangst*
doc_8452,111,111,m<c3><a5>tte f<c3><a5> p<c3><a5> plass et troverdig prosjekt for,karbonfangst,og <e2><80><93> lagring Der klarte ikke de r<c3><b8>d-gr<c3><b8>nne,karbonfangst*
doc_8456,254,254,hadde det Vi ville ha satset mer p<c3><a5>,karbonfangst,og lagring p<c3><a5> langt flere anlegg Men hva,karbonfangst*
doc_8458,313,313,inn i de nye n<c3><a6>ringene Vi snakker om,karbonfangst,og lagring og vi snakker om hydrogen havvindm<c3><b8>ller,karbonfangst*
doc_8618,315,315,aller viktigste markedene for gr<c3><b8>nne n<c3><a6>ringer som havvind,karbonfangst,og lagring og hydrogen Det er godt <c3><a5>,karbonfangst*
doc_8672,199,199,offshore havvind og st<c3><b8>tte til viktige prosjekter for,karbonfangst,og lagring er ogs<c3><a5> omr<c3><a5>der der det er,karbonfangst*
doc_8675,319,319,tilskuddet til Enova doblet vi satset blytungt p<c3><a5>,karbonfangst,og lagring havvind og hydrogen <e2><80><93> bare for,karbonfangst*
doc_8767,44,44,gir rett og slett liten mening <c3><a5> bygge,karbonfangstanlegg,hvis man samtidig undergraver naturens egen evne til,karbonfangst*
doc_8786,320,320,en aktiv n<c3><a6>ringspolitikk og satse p<c3><a5> omr<c3><a5>der som,karbonfangst,havvind hydrogen og andre fornybare n<c3><a6>ringer Vi skal,karbonfangst*
doc_8787,208,208,h<c3><b8>rt det mange ganger <e2><80><93> hydrogen havvind og,karbonfangst,og lagring for <c3><a5> nevne noe Det skaper,karbonfangst*
doc_8792,109,109,milj<c3><b8>vennlig m<c3><a5>te kutter utslipp og skaper verdier Eller,karbonfangst,og lagring for sirkul<c3><a6>r<c3><b8>konomibedriftene p<c3><a5> <c3><98>ra og distriktet,karbonfangst*
doc_8792,287,287,v<c3><a6>re en p<c3><a5>driver Vi har foresl<c3><a5>tt midler til,karbonfangst,og lagring p<c3><a5> <c3><98>ra Regjeringsplattformen nevner ikke <c3><98>ra,karbonfangst*
doc_8927,442,442,<c3><a5>penbare fortrinn f.eks innenfor hydrogen flytende havvind batterier,karbonfangst,og lagring for <c3><a5> nevne noen eksempler Der,karbonfangst*
doc_8937,36,36,eller for s<c3><a5> vidt hovedstaden Oslos klimam<c3><a5>l uten,karbonfangst,og lagring s<c3><a5> det m<c3><a5> vi rett og,karbonfangst*
doc_8937,162,162,bevisst p<c3><a5> at CCS m<c3><a5> vi f<c3><a5> til,karbonfangst,og lagring og ikke minst p<c3><a5> avfallsh<c3><a5>ndtering for,karbonfangst*
doc_8937,187,187,som m<c3><a5> forbrennes og det m<c3><a5> vi ha,karbonfangst,p<c3><a5> til slutt,karbonfangst*
doc_8942,25,25,f<c3><b8>lge med og se om statsr<c3><a5>den har rett,Karbonfangst,og lagring er en sentral del av det,karbonfangst*
doc_8942,117,117,tilbake Vil statsr<c3><a5>den garantere at vi skal gjennomf<c3><b8>re,karbonfangst,og lagringsanlegget p<c3><a5> Klemetsrud uavhengig av om en,karbonfangst*
doc_8943,18,18,tydelig jeg synes jeg kan Vi mener at,karbonfangst,p<c3><a5> avfallsforbrenning med Klemetsrud som pilot men som,karbonfangst*
doc_8943,135,135,til <c3><a5> ende opp med <c3><a5> f<c3><a5> til,karbonfangst,p<c3><a5> Klemetsrud og en rekke andre avfallsanlegg rundt,karbonfangst*
doc_8974,109,109,nullutslippssoner for biltrafikken Han kan <c3><a5>pne pengesekken for,karbonfangst,og lagring p<c3><a5> Klemetsrud i Oslo Han kan,karbonfangst*
doc_8986,2496,2496,godt utgangspunkt Vi leder an i utviklingen av,karbonfangst,og lagring Det er en teknologi Europa trenger,karbonfangst*
doc_9015,351,351,og industriutvikling og det er ikke m<c3><a5>te p<c3><a5>,Karbonfangst,og lagring Dette er subsidier som iverksettes i,karbonfangst*
doc_9018,407,407,kan ogs<c3><a5> v<c3><a6>re en del av l<c3><b8>sningen innen,karbonfangst,og lagring n<c3><a5>r sokkelen har kapasitet til <c3><a5>,karbonfangst*
doc_9019,195,195,vi m<c3><a5> ha Vi skal v<c3><a6>re best p<c3><a5>,karbonfangst,og lagring vi skal v<c3><a6>re best p<c3><a5> batteriproduksjon,karbonfangst*
doc_9108,585,585,hydrogensp<c3><b8>rsm<c3><a5>let krever som flytende havvind-sp<c3><b8>rsm<c3><a5>let krever og som,karbonfangst,og lagringssp<c3><b8>rsm<c3><a5>let krever S<c3><a5> vi har veldig gode,karbonfangst*
doc_9114,295,295,Vi m<c3><a5> ogs<c3><a5> se p<c3><a5> l<c3><b8>sninger for lokal,karbonfangst,og lagring der det er mulig Det m<c3><a5>,karbonfangst*
doc_9115,688,688,kommer p<c3><a5> banen for <c3><a5> sikre finansieringen av,karbonfangstanlegget,p<c3><a5> Klemetsrud Det er ubegripelig at regjeringen velger,karbonfangst*
doc_9115,750,750,foresl<c3><a5>r derfor <c3><a5> sikre tilstrekkelig statsst<c3><b8>tte s<c3><a5>nn at,karbonfangst,og lagring p<c3><a5> Klemetsrud kan starte presidenten klubber,karbonfangst*
doc_9116,522,522,med dette feltet over lang tid vet at,karbonfangst,og lagring har v<c3><a6>rt et av de store,karbonfangst*
doc_9116,542,542,<c3><a5>r Skal vi lykkes med <c3><a5> f<c3><a5> til,karbonfangst,og lagring skal vi klare <c3><a5> sette av,karbonfangst*
doc_9117,247,247,Vi foresl<c3><a5>r ogs<c3><a5> midler til et helhetlig utredningsarbeid,Karbonfangst,og lagring er n<c3><b8>dvendig for <c3><a5> n<c3><a5> klimam<c3><a5>lene,karbonfangst*
doc_9117,261,261,<c3><a5> n<c3><a5> klimam<c3><a5>lene EU satser n<c3><a5> tungt p<c3><a5>,karbonfangst,og fire av de sju prosjektene som fikk,karbonfangst*
doc_9117,279,279,i den f<c3><b8>rste tildelingen fra EUs innovasjonsfond var,karbonfangstprosjekter,CCS er n<c3><b8>dvendig for at vi skal f<c3><a5>,karbonfangst*
doc_9117,358,358,SV <c3><b8>nsker regjeringen ytterligere <c3><a5> styrke satsingen p<c3><a5>,karbonfangst,i avfallssektoren og foresl<c3><a5>r ytterligere mill kr til,karbonfangst*
doc_9120,332,332,Produksjon av bl<c3><a5>tt hydrogen og bl<c3><a5> amoniakk med,karbonfangst,og lagring er difor ei naturleg vidareutvikling av,karbonfangst*
doc_9132,168,168,en aktiv n<c3><a6>ringspolitikk og satse p<c3><a5> omr<c3><a5>der som,karbonfangst,havvind hydrogen batteriteknologi gr<c3><b8>nn skipsfart og andre fornybare,karbonfangst*
doc_9173,6,6,Ola Elvestuen V Teknologien for,karbonfangst,og lagring er viktig <c3><a5> utvikle Vi har,karbonfangst*
doc_9173,116,116,v<c3><a6>re innstilt p<c3><a5> at vi gjennomf<c3><b8>rer prosjektet for,karbonfangst,og lagring p<c3><a5> Klemetsrud med det som det,karbonfangst*
doc_9175,137,137,er uendelig mye billigere <c3><a5> la naturen drive,karbonfangst,og lagring enn <c3><a5> bygge de anleggene vil,karbonfangst*
doc_9181,108,108,flytande havvind gr<c3><b8>n maritim industri hydrogen batteriproduksjon bioindustri,karbonfangst,og lagring <e2><80><93> ein serie nasjonale satsingsomr<c3><a5>de der,karbonfangst*
doc_9181,336,336,kjempeviktig felt for oss framover N<c3><a5>r det gjeld,karbonfangst,og lagring er det satsing innanfor renovasjon men,karbonfangst*
doc_9260,234,234,avgj<c3><b8>rende for <c3><a5> n<c3><a5> v<c3><a5>re klimam<c3><a5>l som bl.a,karbonfangst,og lagring hydrogen havvind og mineraler En gradvis,karbonfangst*
doc_9265,494,494,S<c3><a5> h<c3><b8>rer jeg Ja men vi skal ha,karbonfangst,og lagring p<c3><a5> gassproduksjonen Det er Venstre helt,karbonfangst*
doc_9268,442,442,gassvirksomhet med <c3><b8>kt innslag av n<c3><a6>ringer knyttet til,karbonfangst,og lagring hydrogen havvind havbruk og mineraler Det,karbonfangst*
doc_9281,249,249,og gassn<c3><a6>ringen som kan ta nye posisjoner innenfor,karbonfangst,og lagring flytende havvind hydrogen osv Det st<c3><b8>rste,karbonfangst*
doc_9286,84,84,mange muligheter Ikke minst betyr det muligheter innenfor,karbonfangst,det betyr muligheter innenfor havvind og hydrogen s<c3><a5>,karbonfangst*
doc_9597,3682,3682,tiltak som bruk av hydrogen havvind batterier og,karbonfangst,og lagring til havs Norge er verdensledende innen,karbonfangst*
doc_9615,107,107,om <c3><a5> kunne utvikle ny klimavennlig teknologi som,karbonfangst,og lagring og et av de store punktutslippene,karbonfangst*
doc_9616,90,90,vi kan klare <c3><a5> utvikle ny teknologi f.eks,karbonfangst,og lagring som gj<c3><b8>r at vi kan skape,karbonfangst*
doc_9647,219,219,har foresl<c3><a5>tt at vi ogs<c3><a5> m<c3><a5> satse p<c3><a5>,karbonfangst,og lagring fra gasskraftverk p<c3><a5> sokkelen p<c3><a5> enkeltplattformer,karbonfangst*
doc_9648,203,203,til <c3><a5> utvikle norsk industri som havvind batterier,karbonfangst,og lagring og annen teknologi Samtidig foresl<c3><a5>r vi,karbonfangst*
doc_9663,105,105,trenger ogs<c3><a5> <c3><a5> se p<c3><a5> en l<c3><b8>sning med,karbonfangst,og lagring fra gasskraftverk p<c3><a5> sokkelen ganske enkelt,karbonfangst*
doc_9663,162,162,blir Vil statsr<c3><a5>den ogs<c3><a5> se p<c3><a5> prosjekter med,karbonfangst,og lagring p<c3><a5> sokkelen fra gasskraftanlegg som en,karbonfangst*
doc_9664,28,28,skal jeg ikke si noe mer konkret om,karbonfangst,og lagring direkte ute p<c3><a5> sokkelen i tilknytning,karbonfangst*
doc_9664,54,54,v<c3><a6>re tydelige p<c3><a5> at vi <c3><b8>nsker <c3><a5> utvikle,karbonfangst,og lagringsprosjekter og den teknologien og da er,karbonfangst*
doc_9665,134,134,og andre insentiver for <c3><a5> f<c3><a5> utvikling innenfor,karbonfangst,og lagring batteriteknologi og havvind og s<c3><b8>rge for,karbonfangst*
doc_9689,2548,2548,et godt samarbeid om fornybar energi energieffektivisering og,karbonfangst,og lagring Det er enighet om <c3><a5> videreutvikle,karbonfangst*
doc_9763,94,94,snakker om utviklingen av denne n<c3><a6>ringen knyttet til,karbonfangst,og lagring om hydrogen og havvind Vi bruker,karbonfangst*
doc_9786,141,141,en stabil leverand<c3><b8>r Lykkes vi med det og,karbonfangst,og lagring blir det mange spennende oppdrag ogs<c3><a5>,karbonfangst*
doc_9798,2980,2980,i dette gr<c3><b8>nne skiftet P<c3><a5> omr<c3><a5>der som havvind,karbonfangst,og lagring og hydrogen kan v<c3><a5>re bidrag bli,karbonfangst*
doc_9813,168,168,kan bli store Det betyr at ettersp<c3><b8>rselen etter,karbonfangst,og lagring batteriteknologi utslippsfritt st<c3><a5>l og utslippsfri aluminium,karbonfangst*
doc_9849,244,244,gode alternativ til kraft fr<c3><a5> land som f.eks,karbonfangst,og lagring p<c3><a5> eksisterande plattformer Flytande gasskraftverk p<c3><a5>,karbonfangst*
doc_9853,4,4,Sofie Marhaug R,Karbonfangst,og lagring m<c3><a5> ikke bli en hvilepute for,karbonfangst*
doc_9854,13,13,siste taler Jeg ser virkelig ingen motsetning mellom,karbonfangst,og lagring p<c3><a5> Norcem og disse forslagene om,karbonfangst*
doc_9854,22,22,og lagring p<c3><a5> Norcem og disse forslagene om,karbonfangst,og lagring p<c3><a5> sokkelen Dette handler om hvordan,karbonfangst*
doc_9854,383,383,men vi m<c3><a5> ogs<c3><a5> ha flere prosjekter med,karbonfangst,og lagring Til slutt har jeg lyst til,karbonfangst*
doc_9867,2366,2366,av gjensidig interesse er utvikling av hydrogen havvind,karbonfangst,og lagring mineraler batterier og gr<c3><b8>nn skipsfart Dette,karbonfangst*
doc_9912,581,581,n<c3><a6>ringsliv kan bidra her Utviklingen av hydrogen havvind,karbonfangst,og lagring mineraler batterier og gr<c3><b8>nn skipsfart vil,karbonfangst*
doc_9977,21,21,noe man trenger med hensyn til utvikling av,karbonfangst,og lagring alt det vi gj<c3><b8>r med tanke,karbonfangst*
doc_10026,107,107,riktig at myr er verdens beste og billigste,karbonfangstanlegg,det koster formodentlig en titusendedel av et industrielt,karbonfangst*
doc_10026,116,116,det koster formodentlig en titusendedel av et industrielt,karbonfangstanlegg,<c3><a5> la myren forbli myr Det er en,karbonfangst*
doc_10223,357,357,gir oss penger til <c3><a5> investere i havvind,karbonfangst,og lagring og andre gr<c3><b8>nne jobber,karbonfangst*
doc_10352,1129,1129,etter oljen som f.eks sol og havvind eller,karbonfangst,og lagring eller batteriproduksjon i verftsindustrien Dagens oljearbeidere,karbonfangst*
doc_10365,620,620,bro ogs<c3><a5> over p<c3><a5> nye omr<c3><a5>der som hydrogen,karbonfangst,og lagring og ikke minst havvind Vi har,karbonfangst*
doc_10365,642,642,avtalen mellom Yara Nederland og Northern Lights om,karbonfangst,og lagring Det betyr at vi har startet,karbonfangst*
doc_10374,452,452,vest Der satser vi m<c3><a5>lrettet p<c3><a5> havvind batterier,karbonfangst,og lagring hydrogen prosessindustri skog og treforedling bio<c3><b8>konomi,karbonfangst*
doc_10458,66,66,til noe nytt knyttet til hydrogen knyttet til,karbonfangst,og lagring knyttet til havvind Det at vi,karbonfangst*
doc_10538,271,271,at regjeringen ogs<c3><a5> la opp en plan for,karbonfangst,p<c3><a5> alle punktutslipp slik man har p<c3><a5> Klemetsrud,karbonfangst*
doc_10600,582,582,innovasjonsinnsatsen innenfor fornybar energi som havvind vannkraft energieffektivisering,karbonfangst,og lagring hydrogen og elektrifisering enn <c3><a5> satse,karbonfangst*
doc_10698,2781,2781,i et europeisk marked for hele verdikjeden i,karbonfangst,og lagring og vi jobber med <c3><a5> f<c3><a5>,karbonfangst*
doc_10743,250,250,omr<c3><a5>der som f<c3><b8>lger av det Det ene er,karbonfangst,og lagring som regjeringen satser fullt og helt,karbonfangst*
doc_10745,204,204,energibruk med fornybar energibruk og hvor dette med,karbonfangst,og lagring blir s<c3><a5> veldig vesentlig Da er,karbonfangst*
doc_10745,251,251,ogs<c3><a5> bidra til teknologiutvikling og erfaring knyttet til,karbonfangstsystemer,Vi er godt i gang med dette Jeg,karbonfangst*
doc_10758,146,146,Europa ikke minst med bl<c3><a5>tt hydrogen uten utslipp,Karbonfangst,og lagring blir selvf<c3><b8>lgelig sv<c3><a6>rt viktig i tiden,karbonfangst*
doc_10764,68,68,tanke p<c3><a5> mulighetene for hydrogenproduksjon og deltagelsen i,karbonfangst,og lagring Dette med havvind vil v<c3><a6>re spennende,karbonfangst*
doc_10872,317,317,solenergi ombygging av skip til nullutslipp havvind elektrifisering,karbonfangst,i industrien og styrking av SIVA for <c3><a5>,karbonfangst*
doc_10911,358,358,med et fond p<c3><a5> mrd kr som delfinansierer,karbonfangst,og lagring elektrifisering og andre tiltak P<c3><a5> rammeomr<c3><a5>de,karbonfangst*
doc_11005,187,187,og som vil bli store p<c3><a5> b<c3><a5>de havvind,karbonfangst,og lagring gr<c3><b8>nn skipsfart osv,karbonfangst*
doc_11007,75,75,bygge havvindm<c3><b8>ller som kommer til <c3><a5> bidra til,karbonfangst,og lagring og som i stadig st<c3><b8>rre grad,karbonfangst*
doc_11017,72,72,Venstre har tidligere foresl<c3><a5>tt at vi m<c3><a5> bruke,karbonfangst,og lagring p<c3><a5> sokkelen for <c3><a5> begrense den,karbonfangst*
doc_11017,120,120,utenfor Vestlandet er det muligheter for <c3><a5> bruke,karbonfangst,og lagring Det er mangel p<c3><a5> kraft det,karbonfangst*
doc_11017,149,149,se p<c3><a5> muligheten for <c3><a5> <c3><b8>ke bruken av,karbonfangst,og lagring p<c3><a5> sokkelen bl.a p<c3><a5> Melk<c3><b8>ya for,karbonfangst*
doc_11076,233,233,gj<c3><b8>re Norge til en stormakt innenfor havvind batterier,karbonfangst,og lagring hydrogen prosessindustri maritim industri skog og,karbonfangst*
doc_11247,69,69,bruka norsk gass som l<c3><a5>gkarbongass til kraftproduksjon med,karbonfangst,og lagring Dette er eit stort satsingsomr<c3><a5>de i,karbonfangst*
doc_11247,198,198,norsk r<c3><b8>yrgass norsk gass brukt som lavutsleppsgass med,karbonfangst,og lagring <e2><80><93> i Europa <e2><80><93> for <c3><a5>,karbonfangst*
doc_11248,277,277,Venstre st<c3><b8>tter storsatsingen som vi har gjort p<c3><a5>,karbonfangst,og lagring De <c3><b8>nsker hydrogen Hvis vi skal,karbonfangst*
doc_11249,159,159,f<c3><b8>r Da m<c3><a5> gassen styres mot bl<c3><a5>tt hydrogen,karbonfangst,og lagring at det er dit vi skal,karbonfangst*
doc_11249,304,304,Da er det kun det som g<c3><a5>r p<c3><a5>,karbonfangst,og lagring som det definitivt var en kamp,karbonfangst*
doc_11319,84,84,ligger i Stortinget om at vi skal bruke,karbonfangst,og lagring p<c3><a5> Melk<c3><b8>ya Det gj<c3><b8>r at man,karbonfangst*
doc_11319,113,113,man vil v<c3><a6>re for <c3><a5> se p<c3><a5> mer,karbonfangst,og lagring n<c3><a5>r vi m<c3><a5> ha ned utslippene,karbonfangst*
doc_11380,138,138,investeringene i eget land n<c3><a5>r det gjelder b<c3><a5>de,karbonfangst,og lagring flytende havvind osv,karbonfangst*
doc_11504,87,87,som det st<c3><a5>r men nevner spesifikt omr<c3><a5>der som,karbonfangst,og lagring havvind hydrogen kritiske r<c3><a5>varer batterier og,karbonfangst*
doc_11504,172,172,levere p<c3><a5> omr<c3><a5>der som bl.a bl<c3><a5>tt hydrogen og,karbonfangst,og lagring er vi faktisk helt avhengig av,karbonfangst*
doc_11505,315,315,Norge langt framme fordi vi har satset p<c3><a5>,karbonfangst,og lagring helt siden Stoltenberg-regjeringens dager Der har,karbonfangst*
doc_11526,31,31,levere bl<c3><a5>tt hydrogen og <c3><a5> kunne levere p<c3><a5>,karbonfangst,og lagring Skal karbonfangst og lagring bli en,karbonfangst*
doc_11526,35,35,<c3><a5> kunne levere p<c3><a5> karbonfangst og lagring Skal,karbonfangst,og lagring bli en suksess er vi helt,karbonfangst*
doc_11542,2260,2260,medlemsland s<c3><a6>rlig innen industrisektorer som batterier mineraler havvind,karbonfangst,og lagring og hydrogen V<c3><a5>re gr<c3><b8>nne n<c3><a6>ringer er,karbonfangst*
doc_11542,2418,2418,om storskala verdikjeder og infrastruktur for hydrogen og,karbonfangst,og lagring P<c3><a5> et toppm<c3><b8>te i belgiske Ostende,karbonfangst*
doc_11558,338,338,gjer i Noreg som f.eks satsinga p<c3><a5> CCS,karbonfangst,og lagring og bl<c3><a5>tt hydrogen,karbonfangst*
doc_11564,141,141,sektorene s<c3><b8>rge for at vi har p<c3><a5> plass,karbonfangst,og lagring <e2><80><93> ja s<c3><a5> er det viktige,karbonfangst*
doc_11566,145,145,det v<c3><a6>re seg som jeg sa bl<c3><a5>tt hydrogen,karbonfangst,og lagring havvind osv som gir enorme muligheter,karbonfangst*
doc_11653,1116,1116,i EU samtidig som vi skaper jobber Havvind,karbonfangst,og lagring hydrogen og gr<c3><b8>nn skipsfart er noen,karbonfangst*
doc_11850,419,419,er vedtatt tidligere og det samme gjelder selvf<c3><b8>lgelig,karbonfangst,og lagring som ogs<c3><a5> m<c3><a5> drives framover,karbonfangst*
doc_11852,338,338,til havs bruke energi smartere f<c3><a5> fart p<c3><a5>,karbonfangst,og lagringsanleggene og en rekke andre tiltak og,karbonfangst*
doc_11871,159,159,som er en helt annen type tiltak er,karbonfangst,og lagring ved store punktutslipp Kommer vi til,karbonfangst*
doc_11872,126,126,s<c3><b8>rge for <c3><a5> prioritere kraften og s<c3><b8>rge for,karbonfangst,og lagring Det har v<c3><a6>rt noen uheldige fordyringer,karbonfangst*
doc_11880,285,285,ligger inne en del merkelige f<c3><b8>ringer knyttet til,karbonfangst,og lagring N<c3><a5> er det et flertall for,karbonfangst*
doc_11880,309,309,er en del av tilr<c3><a5>dningens IV som omhandler,karbonfangst,og lagring at det skal bidra til <c3><a5>,karbonfangst*
doc_11883,309,309,v<c3><a6>re avgj<c3><b8>rende for utviklingen i andre n<c3><a6>ringer som,karbonfangst,og lagring hydrogen havvind havbruk og mineraler Prosjektene,karbonfangst*
doc_11884,276,276,som l<c3><a5>gutsleppsgass som bl<c3><a5>tt hydrogen eller forbrukt med,karbonfangst,og lagring Dette betyr mange nye moglegheiter for,karbonfangst*
doc_11888,372,372,dette N<c3><a5>r vi ser forholdet til utvikling av,karbonfangst,og lagring ser vi at det er en,karbonfangst*
doc_11896,110,110,teknologiutviklingen som det kunne ha gitt f.eks rundt,karbonfangst,og lagring rundt havvind og rundt hydrogen,karbonfangst*
doc_11897,32,32,i nye teknologisk spennende omr<c3><a5>der som hydrogen som,karbonfangst,og lagring og som offshore vind Jeg er,karbonfangst*
doc_11900,142,142,mulighetene for hydrogen at vi tar ansvar for,karbonfangst,og lagring og en betydelig del p<c3><a5> offshore,karbonfangst*
doc_12042,1150,1150,Tyskland p<c3><a5> omr<c3><a5>de som hydrogen batteri havvind og,karbonfangst,og lagring I juni la regjeringa fram ei,karbonfangst*
doc_12069,275,275,under graders temperatur<c3><b8>kning Vi m<c3><a5> bygge vanvittig mange,karbonfangstanlegg,for <c3><a5> fange CO og deponere det sikkert,karbonfangst*
doc_12088,72,72,milliarder av kroner p<c3><a5> risikofylte prosjekter som f.eks,karbonfangst,og lagring i <c3><98>ygarden der skattebetalerne tar det,karbonfangst*
doc_12112,126,126,v<c3><a5>re men d<c3><a5> m<c3><a5> det vera forbrukt med,karbonfangst,og lagring Sp<c3><b8>rsm<c3><a5>let mitt til Milj<c3><b8>partiet Dei Gr<c3><b8>ne,karbonfangst*
doc_12159,87,87,mer fornybar energi satsing p<c3><a5> framtidens klimal<c3><b8>sninger som,karbonfangst,og lagring og gr<c3><b8>nt og bl<c3><a5>tt hydrogen <c3><b8>kt,karbonfangst*
doc_12175,206,206,egen vurdering av det <c3><a5> f<c3><a5> anlagt et,karbonfangstanlegg,for <c3><a5> f<c3><a5> fanget og deponert CO fra,karbonfangst*
doc_12277,788,788,av stor betydning for Norge som lavkarbonl<c3><b8>sninger f.eks,karbonfangst,og lagring hydrogen og ammoniakk gr<c3><b8>nn skipsfart vindkraft,karbonfangst*
doc_12277,857,857,p<c3><a5> vei de samme som sol batterier hydrogen,karbonfangst,og lagring og vindkraft til havs Vi deler,karbonfangst*
doc_12302,130,130,for seg ikke bare havbunnsmineralvirksomhet men ogs<c3><a5> havvind,karbonfangst,og lagring og andre omr<c3><a5>der <e2><80><93> har vi,karbonfangst*
doc_12305,131,131,energikilder i framtiden kan brukes men da med,karbonfangst,og lagring er riktig Jeg tror det vil,karbonfangst*
doc_12352,103,103,av petroleumssektoren v<c3><a5>r med nye teknologier som kommer,karbonfangst,og lagring hydrogenmulighetene osv Jeg mener derfor at,karbonfangst*
doc_12404,134,134,neste <c3><a5>rene Vi jobber sammen for <c3><a5> realisere,karbonfangst,og lagringsprosjekter og vi jobber sammen i Europa,karbonfangst*
doc_12415,202,202,med havvind med batterier med hydrogenprosjekter og med,karbonfangst,og lagring Det er <c3><a5> ta omstillingsutfordringen og,karbonfangst*
doc_12551,141,141,i Europa med bl.a bruk av naturgass med,karbonfangst,vil v<c3><a6>re en god mulighet for akkurat det,karbonfangst*
doc_12663,41,41,tydelig spr<c3><a5>k inn om at man <c3><a5>pner for,karbonfangst,og lagring alts<c3><a5> et rom for bl<c3><a5>tt hydrogen,karbonfangst*
doc_12703,164,164,og ikke ville v<c3><a6>re med p<c3><a5> gasskraftverk med,karbonfangst,og lagring som ville l<c3><b8>st problemet og kunne,karbonfangst*
doc_12849,171,171,en utvikler det med tanke p<c3><a5> b<c3><a5>de hydrogen,karbonfangst,og lagring og havbunnsmineraler Jeg tror ogs<c3><a5> Havindustritilsynet,karbonfangst*
doc_12871,6002,6002,har s<c3><a6>rlige forutsetninger og klare interesser innenfor energi,karbonfangst,og lagring havforvaltning mineraler og mye mer s<c3><a5>,karbonfangst*
doc_12876,391,391,bl<c3><a5>tt hydrogen og at vi skal satse p<c3><a5>,karbonfangst,og lagring Hvorfor skal vi gj<c3><b8>re det hvis,karbonfangst*
doc_12878,234,234,at vi ogs<c3><a5> m<c3><a5> se p<c3><a5> gasskraftverk med,karbonfangst,og lagring som ikke fikk flertall Vi har,karbonfangst*
doc_12878,266,266,av kraften i nord <e2><80><93> trenger <c3><a5> ha,karbonfangst,og lagring fra et gasskraftverk Det er l<c3><b8>sninger,karbonfangst*
doc_12896,64,64,slik avgift ville gi insentiver til <c3><a5> installere,karbonfangst,og lagring p<c3><a5> forbrenningsanleggene Dessverre er det ikke,karbonfangst*
doc_12896,141,141,til Sverige s<c3><a5> lenge anleggene der ikke har,karbonfangst,og lagring Teorien er fin den Avgift p<c3><a5>,karbonfangst*
doc_12896,176,176,N<c3><a5>r avfallsforbrennerne ikke kan sette opp prisen og,karbonfangst,og lagring er noen <c3><a5>r fram i tid,karbonfangst*
doc_12937,159,159,Men jeg kan nevne et n<c3><a6>rt samarbeid om,karbonfangst,og lagring om batteriteknologi om hydrogen og om,karbonfangst*
doc_12958,52,52,ikke er mulig <c3><a5> kutte utslipp eller gjennom,karbonfangst,og lagring Det er et problem med disse,karbonfangst*
doc_12959,316,316,vi ogs<c3><a5> se p<c3><a5> muligheten for gasskraftverk med,karbonfangst,og lagring Vi hadde et eget forslag om,karbonfangst*
doc_12959,348,348,det etableres et eget gasskraftverk p<c3><a5> Melk<c3><b8>ya med,karbonfangst,og lagring Det er mulig <c3><a5> f<c3><a5> p<c3><a5>,karbonfangst*
doc_12965,99,99,flertall ogs<c3><a5> med Milj<c3><b8>partiet De Gr<c3><b8>nne Det gjelder,karbonfangst,og lagring det gjelder gr<c3><b8>nt industril<c3><b8>ft det gjelder,karbonfangst*
doc_12967,140,140,en klarer <c3><a5> lykkes med kommersielle l<c3><b8>sninger for,karbonfangst,og lagring havvind batterifabrikker osv,karbonfangst*
doc_13101,534,534,Her viser jeg til stortingsvedtaket om <c3><a5> utrede,karbonfangst,og lagring Det er ikke fulgt opp Den,karbonfangst*
doc_13247,24,24,si at det eneste svaret p<c3><a5> Melk<c3><b8>ya er,karbonfangst,og lagring for gasskraftverk Norge skal kutte pst,karbonfangst*
doc_13261,107,107,helt n<c3><b8>dvendig i klimasammenheng Ikke minst vil ogs<c3><a5>,karbonfangst,og lagring havvind og havbunnsmineraler <e2><80><93> hvis vi,karbonfangst*
doc_13336,132,132,eller andre nullutslippsl<c3><b8>sninger til havs eventuelt gasskraftverk med,karbonfangst,og lagring Jeg skal g<c3><a5> over til <c3><a5>,karbonfangst*
doc_13336,179,179,flytende havvind eventuelt i kombinasjon med gasskraftverk med,karbonfangst,og lagring en viktig strategi av tre grunner,karbonfangst*
doc_13338,387,387,til havs som t.d havvind eller gasskraftverk med,karbonfangst,og lagring Det er dei same forslaga <e2><80><93>,karbonfangst*
doc_13342,176,176,at vi m<c3><a5> ta i bruk gasskraft med,karbonfangst,og lagring flere steder nettopp for <c3><a5> dempe,karbonfangst*
doc_13342,226,226,fra land men at man ogs<c3><a5> der har,karbonfangst,og lagring fra gasskraftverk Dessverre ble de to,karbonfangst*
doc_13343,144,144,med str<c3><b8>m framfor bl<c3><a5>tt alts<c3><a5> fossil gass med,karbonfangst,og at de anser bl<c3><a5>tt hydrogen som en,karbonfangst*
doc_13419,303,303,hydrogen det vil seia hydrogen fr<c3><a5> naturgass med,karbonfangst,og lagring ei spennande moglegheit I dag utgjer,karbonfangst*
doc_13576,651,651,den andre til ul<c3><b8>nnsomme subsidieavhengige n<c3><a6>ringer som havvind,karbonfangst,og lagring elektrifisering av sokkelen og batterifabrikker vil,karbonfangst*
doc_13600,494,494,og gass Gassen kan brukes direkte brukes med,karbonfangst,og lagring eller brukes til <c3><a5> lagre hydrogen,karbonfangst*
doc_13603,77,77,bruke flere milliarder kroner av innbyggernes penger til,karbonfangst,og lagring som for <c3><b8>vrig er en del,karbonfangst*
doc_13638,2491,2491,framover vil v<c3><a6>re samarbeid om fornybar energi energieffektivisering,karbonfangst,og lagring og forskningssamarbeid gjennom Nordisk Energiforskning NEF,karbonfangst*
doc_13640,185,185,Neste <c3><a5>r bevilger regjeringen mrd kr ekstra til,karbonfangstprosjektet,Langskip der en vil bidra med totalt mrd,karbonfangst*
doc_13743,3319,3319,verdikjeder Regjeringen <c3><b8>nsker at omr<c3><a5>der som gr<c3><b8>nn mobilitet,karbonfangst,og lagring s<c3><a5> vel som skipsfart og luftfart,karbonfangst*
doc_13904,186,186,industri <c3><a5> erstatte med fornybare kilder eller gjennom,karbonfangst,og lagring Dette er bare for fastlandsindustriens del,karbonfangst*
doc_13989,272,272,for CO lagring er gitt Vi vet at,karbonfangst,og lagring blir en viktig teknologi i tiden,karbonfangst*
doc_13999,32,32,som er god p<c3><a5> Melk<c3><b8>ya er gasskraftverk med,karbonfangst,og lagring Det vil komme raskere det er,karbonfangst*
doc_14003,55,55,f<c3><a5> kuttet utslippene fra Melk<c3><b8>ya med bruk av,karbonfangst,og lagring i stedet for den massive utbyggingen,karbonfangst*
doc_14005,26,26,riktig plass n<c3><a5>r det gjelder Melk<c3><b8>ya og at,karbonfangst,og lagring fra gasskraftverk vil v<c3><a6>re det vi,karbonfangst*
doc_14059,70,70,p<c3><a5>legge Equinor <c3><a5> bygge et flytende gasskraftverk med,karbonfangst,og lagring Ellinor fortalte oss hvordan utbyggingene truer,karbonfangst*
doc_14061,32,32,Det vi trenger p<c3><a5> Melk<c3><b8>ya er gasskraftverk med,karbonfangst,og lagring Og vi er sterkt imot det,karbonfangst*
doc_14123,126,126,<c3><a5> gje oss t<c3><b8>mmer som kan bidra til,karbonfangst,og bioenergi at havet framleis gjev oss fisk,karbonfangst*
doc_14138,240,240,rene gamblingprosjekter innenfor gr<c3><b8>nn industri <e2><80><93> havvind batterifabrikker,karbonfangst,og lagring osv Det er denne sl<c3><b8>singen med,karbonfangst*
doc_14142,1131,1131,meter under havbunnen der vi borer br<c3><b8>nner for,karbonfangst,og lagring for <c3><a5> bli ledende i verden,karbonfangst*
doc_14152,107,107,store pengene p<c3><a5> havvind p<c3><a5> batterifabrikker og p<c3><a5>,karbonfangst,og lagring Ja vi ser at dette med,karbonfangst*
doc_14211,182,182,stor anerkjennelse for <c3><a5> ha satset p<c3><a5> er,karbonfangst,og lagring Det er kjempeviktig for <c3><a5> klare,karbonfangst*
doc_14231,29,29,kutte utslipp av klimagasser Det ble referert til,karbonfangst,og lagring men det er vel da fra,karbonfangst*
doc_14231,49,49,Her kunne regjeringen ha st<c3><b8>ttet SVs forslag om,karbonfangst,og lagring p<c3><a5> Melk<c3><b8>ya Norsk olje og gass,karbonfangst*
doc_14234,52,52,titusener hver eneste dag knyttet til havvind og,karbonfangst,og lagring som vil v<c3><a6>re viktige nye ben,karbonfangst*
doc_14253,54,54,erstatningskraft godt nok herunder mulighetene for havvind og,karbonfangst,og lagring Vil statsr<c3><a5>den i det minste s<c3><b8>rge,karbonfangst*
doc_14400,31,31,er utl<c3><b8>st Vi kan nevne Langskip som er,karbonfangst,og rensing som ogs<c3><a5> n<c3><a6>rmer seg vel mrd,karbonfangst*
doc_14516,61,61,de m<c3><a5> elektrifisere med havvind eller gasskraft med,karbonfangst,og lagring <c2><ab> Vi trenger mer kraft i,karbonfangst*
doc_14567,4529,4529,favner bredt og er konkret p<c3><a5> mulighetene innenfor,karbonfangst,og lagring havvind hydrogen kritiske r<c3><a5>varer batterier og,karbonfangst*
doc_14597,635,635,at v<c3><a5>re l<c3><b8>sninger for fornybar energi hydrogen og,karbonfangst,f<c3><a5>r gjennomslag og at vi fortsetter <c3><a5> beholde,karbonfangst*
doc_14628,120,120,kommer det milliarder av kroner til hydrogen batterifabrikker,karbonfangst,og lagring <e2><80><93> og milliardene bare renner ut,karbonfangst*
doc_14707,136,136,subsidier fordi politikerne tillater det Det er havvind,karbonfangst,og lagring batterifabrikker og hydrogensatsing De har rett,karbonfangst*
doc_14708,200,200,inn f.eks med st<c3><b8>tte slik vi gjorde til,karbonfangstsenteret,p<c3><a5> Mongstad Jeg mener det var riktig bruk,karbonfangst*
doc_14723,39,39,fra statens side brukt over mrd kr p<c3><a5>,karbonfangst,og lagring til tre oljeselskap Man skal n<c3><a5>,karbonfangst*
doc_14724,92,92,i regjering f.eks da de <c3><b8>kte bevilgningene til,karbonfangstanlegg,Jeg mener det er riktig <c3><a5> bruke penger,karbonfangst*
doc_14724,102,102,mener det er riktig <c3><a5> bruke penger p<c3><a5>,karbonfangstanlegg,for <c3><a5> f<c3><a5> p<c3><a5> plass den teknologien Hvis,karbonfangst*
doc_14724,149,149,unng<c3><a5> veldig alvorlige klimaendringer Men igjen Ogs<c3><a5> p<c3><a5>,karbonfangst,tenker jeg at de f<c3><b8>rste prosjektene er oppstart,karbonfangst*
doc_14825,181,181,i tilknytning til havvind utvinning av havbunnsmineraler og,karbonfangst,og lagring Forslaget g<c3><a5>r ut p<c3><a5> at rettighetshavere,karbonfangst*
doc_14859,297,297,<c3><a5> se p<c3><a5> hvordan vi kan f<c3><a5> til,karbonfangst,og lagring Klemetsrud er n<c3><a5> i gang med,karbonfangst*
doc_14859,329,329,st<c3><b8>tteordninger vi har for <c3><a5> f<c3><a5> p<c3><a5> plass,karbonfangst,og lagring men ogs<c3><a5> <c3><a5> prise biogene utslipp,karbonfangst*
doc_14860,260,260,plast eller ved p<c3><a5> sikt <c3><a5> investere i,karbonfangst,og lagring En utfordring flere akt<c3><b8>rer trekker fram,karbonfangst*
doc_14985,271,271,har Stortinget bidratt til <c3><a5> etablere verdikjeder for,karbonfangst,og lagring Vi har ogs<c3><a5> hatt historisk satsing,karbonfangst*
doc_14993,336,336,Sunndal investerer i biogassproduksjon Eramet Sauda investerer i,karbonfangst,og lagring eller Omya Hustadmarmor og Berge Rederi,karbonfangst*
doc_15145,184,184,det <c3><b8>kte kraftbehovet i Finnmark er gasskraftverk med,karbonfangst,og lagring i tilknytning til Melk<c3><b8>ya Vi har,karbonfangst*
